user_id,num_people,cooking_hours_daily,gas_stove_count,water_heating,cooking_type,vacation_days
U301,7,7,2,Gas,Moderate,29
U302,4,4,2,Gas,Moderate,15
U303,5,5,1,Gas,Moderate,29
U304,7,7,2,Electric,Light,4
U305,3,3,1,Electric,Moderate,18
U306,5,5,1,Electric,Light,6
U307,5,5,1,Electric,Light,13
U308,7,7,1,Gas,Moderate,1
U309,2,2,1,Gas,Moderate,2
U310,3,3,1,Gas,Light,16
U311,7,7,1,Solar,Moderate,15
U312,3,3,1,Electric,Light,7
U313,3,3,1,Electric,Light,17
U314,5,5,2,Gas,Moderate,14
U315,4,4,1,Electric,Light,6
U316,3,3,1,Gas,Moderate,26
U317,6,6,1,Gas,Light,8
U318,5,5,1,Gas,Moderate,5
U319,2,2,1,Gas,Light,17
U320,4,4,2,Gas,Light,17
U321,6,6,1,Electric,Moderate,24
U322,6,6,1,Gas,Heavy,25
U323,2,2,1,Gas,Light,23
U324,4,4,1,Gas,Moderate,13
U325,5,5,1,Gas,Moderate,13
U326,1,1,1,Electric,Moderate,13
U327,4,4,1,Electric,Heavy,24
U328,2,2,1,Electric,Light,3
U329,6,6,1,Electric,Heavy,3
U330,5,5,1,Electric,Moderate,14
U331,4,4,2,Gas,Moderate,14
U332,1,1,2,Electric,Heavy,17
U333,1,1,2,Gas,Moderate,13
U334,3,3,1,Gas,Moderate,25
U335,3,3,1,Gas,Moderate,0
U336,7,7,1,Electric,Moderate,9
U337,2,2,1,Electric,Light,28
U338,4,4,1,Gas,Moderate,19
U339,4,4,1,Electric,Light,9
U340,7,7,1,Solar,Heavy,9
U341,6,6,3,Gas,Heavy,26
U342,6,6,1,Gas,Moderate,23
U343,7,7,1,Electric,Moderate,1
U344,6,6,1,Gas,Light,28
U345,3,3,2,Gas,Light,27
U346,4,4,1,Gas,Heavy,26
U347,7,7,1,Gas,Light,7
U348,4,4,1,Electric,Moderate,0
U349,1,1,1,Electric,Heavy,0
U350,3,3,1,Electric,Heavy,3
U351,5,5,2,Electric,Moderate,6
U352,3,3,1,Electric,Moderate,8
U353,7,7,1,Electric,Moderate,15
U354,5,5,1,Gas,Heavy,4
U355,1,1,1,Gas,Moderate,1
U356,7,7,1,Gas,Moderate,27
U357,2,2,1,Electric,Light,22
U358,4,4,1,Gas,Light,10
U359,1,1,1,Gas,Moderate,17
U360,4,4,1,Gas,Heavy,24
U361,6,6,1,Electric,Heavy,24
U362,2,2,1,Electric,Heavy,18
U363,2,2,2,Gas,Moderate,12
U364,1,1,1,Electric,Moderate,23
U365,2,2,1,Gas,Heavy,10
U366,5,5,2,Gas,Moderate,19
U367,2,2,1,Electric,Moderate,18
U368,4,4,2,Gas,Moderate,16
U369,4,4,1,Solar,Heavy,4
U370,7,7,3,Gas,Light,12
U371,4,4,1,Gas,Heavy,29
U372,7,7,1,Solar,Light,26
U373,4,4,1,Gas,Moderate,19
U374,5,5,2,Solar,Moderate,0
U375,7,7,2,Solar,Moderate,9
U376,3,3,1,Gas,Moderate,7
U377,6,6,1,Gas,Heavy,23
U378,1,1,2,Gas,Moderate,28
U379,4,4,1,Gas,Light,7
U380,2,2,2,Gas,Moderate,18
U381,4,4,2,Gas,Light,5
U382,2,2,1,Gas,Light,11
U383,6,6,1,Gas,Moderate,27
U384,6,6,1,Solar,Heavy,6
U385,6,6,1,Electric,Moderate,15
U386,2,2,2,Electric,Moderate,8
U387,4,4,1,Gas,Moderate,20
U388,6,6,2,Electric,Light,24
U389,5,5,1,Gas,Heavy,21
U390,7,7,3,Electric,Moderate,9
U391,2,2,1,Solar,Heavy,9
U392,2,2,1,Gas,Light,9
U393,4,4,1,Electric,Light,19
U394,2,2,2,Electric,Heavy,28
U395,2,2,1,Solar,Moderate,15
U396,6,6,2,Electric,Light,0
U397,4,4,1,Gas,Light,16
U398,6,6,1,Gas,Heavy,29
U399,7,7,1,Gas,Moderate,25
U400,7,7,1,Electric,Moderate,20
U401,6,6,1,Gas,Moderate,28
U402,7,7,3,Electric,Moderate,13
U403,4,4,3,Gas,Heavy,18
U404,1,1,2,Gas,Light,20
U405,6,6,2,Gas,Moderate,20
U406,5,5,1,Electric,Heavy,16
U407,5,5,1,Gas,Light,13
U408,2,2,1,Gas,Moderate,7
U409,7,7,2,Gas,Moderate,20
U410,5,5,1,Gas,Moderate,20
U411,2,2,1,Gas,Moderate,8
U412,1,1,1,Electric,Moderate,7
U413,4,4,1,Gas,Moderate,12
U414,4,4,2,Gas,Moderate,16
U415,4,4,2,Electric,Moderate,18
U416,5,5,1,Solar,Light,27
U417,1,1,3,Gas,Moderate,6
U418,5,5,1,Gas,Heavy,16
U419,7,7,1,Electric,Moderate,0
U420,5,5,1,Solar,Moderate,4
U421,1,1,1,Electric,Moderate,24
U422,1,1,1,Gas,Heavy,5
U423,7,7,3,Gas,Heavy,25
U424,1,1,1,Electric,Light,1
U425,1,1,2,Gas,Moderate,26
U426,4,4,1,Gas,Moderate,24
U427,7,7,1,Electric,Moderate,15
U428,3,3,1,Electric,Light,21
U429,3,3,1,Gas,Heavy,4
U430,1,1,1,Electric,Light,4
U431,3,3,2,Gas,Moderate,11
U432,3,3,1,Gas,Moderate,2
U433,1,1,1,Electric,Light,29
U434,3,3,1,Gas,Heavy,15
U435,5,5,1,Gas,Heavy,5
U436,2,2,1,Solar,Moderate,14
U437,7,7,1,Gas,Moderate,14
U438,2,2,1,Gas,Light,28
U439,1,1,1,Solar,Moderate,15
U440,4,4,1,Electric,Light,19
U441,7,7,1,Electric,Moderate,12
U442,1,1,1,Electric,Heavy,11
U443,4,4,1,Gas,Light,9
U444,2,2,2,Electric,Heavy,13
U445,1,1,1,Gas,Light,1
U446,7,7,1,Electric,Heavy,28
U447,7,7,1,Gas,Light,2
U448,6,6,3,Gas,Moderate,8
U449,5,5,1,Gas,Light,10
U450,3,3,1,Gas,Heavy,10
U451,4,4,2,Electric,Moderate,24
U452,6,6,1,Gas,Light,21
U453,3,3,1,Gas,Moderate,9
U454,3,3,1,Gas,Moderate,25
U455,1,1,1,Gas,Moderate,13
U456,3,3,3,Electric,Heavy,8
U457,5,5,2,Electric,Moderate,19
U458,7,7,1,Electric,Light,26
U459,6,6,1,Solar,Light,20
U460,3,3,1,Electric,Moderate,9
U461,1,1,1,Gas,Moderate,21
U462,5,5,2,Electric,Moderate,28
U463,2,2,1,Solar,Light,8
U464,7,7,1,Gas,Moderate,28
U465,7,7,2,Electric,Heavy,4
U466,6,6,1,Electric,Light,7
U467,7,7,1,Gas,Moderate,10
U468,3,3,1,Gas,Moderate,0
U469,1,1,3,Gas,Moderate,20
U470,7,7,1,Solar,Moderate,9
U471,7,7,1,Electric,Moderate,0
U472,2,2,1,Gas,Heavy,25
U473,2,2,1,Solar,Light,29
U474,4,4,2,Gas,Moderate,21
U475,5,5,2,Gas,Light,6
U476,3,3,1,Electric,Moderate,27
U477,7,7,1,Electric,Moderate,13
U478,7,7,1,Gas,Moderate,4
U479,1,1,1,Gas,Light,16
U480,4,4,1,Gas,Moderate,21
U481,5,5,2,Gas,Moderate,25
U482,4,4,1,Gas,Moderate,20
U483,6,6,1,Gas,Moderate,5
U484,5,5,1,Gas,Moderate,15
U485,7,7,2,Gas,Heavy,10
U486,7,7,2,Gas,Moderate,9
U487,5,5,2,Gas,Moderate,14
U488,7,7,1,Electric,Heavy,6
U489,3,3,1,Electric,Light,22
U490,5,5,2,Gas,Light,1
U491,4,4,1,Gas,Moderate,11
U492,5,5,1,Gas,Moderate,18
U493,7,7,2,Gas,Heavy,11
U494,3,3,2,Gas,Heavy,15
U495,3,3,1,Gas,Moderate,5
U496,6,6,1,Gas,Moderate,2
U497,4,4,1,Electric,Moderate,1
U498,2,2,1,Gas,Moderate,19
U499,2,2,1,Gas,Moderate,4
U500,5,5,2,Electric,Moderate,10
U501,6,6,2,Gas,Moderate,25
U502,1,1,2,Gas,Light,24
U503,5,5,1,Gas,Moderate,2
U504,6,6,2,Gas,Light,2
U505,4,4,2,Electric,Heavy,21
U506,4,4,1,Gas,Light,4
U507,4,4,2,Gas,Heavy,21
U508,4,4,2,Gas,Moderate,22
U509,4,4,1,Gas,Moderate,10
U510,6,6,1,Electric,Moderate,2
U511,6,6,1,Electric,Moderate,12
U512,3,3,1,Gas,Moderate,20
U513,2,2,1,Gas,Moderate,7
U514,7,7,2,Gas,Moderate,19
U515,4,4,1,Electric,Moderate,9
U516,1,1,1,Gas,Moderate,1
U517,7,7,1,Gas,Light,3
U518,6,6,1,Gas,Moderate,17
U519,1,1,1,Gas,Heavy,18
U520,1,1,1,Gas,Light,3
U521,1,1,1,Gas,Moderate,19
U522,3,3,1,Gas,Moderate,25
U523,6,6,1,Gas,Moderate,8
U524,1,1,1,Gas,Light,15
U525,4,4,2,Electric,Moderate,25
U526,5,5,1,Gas,Light,5
U527,1,1,2,Gas,Light,24
U528,3,3,1,Electric,Moderate,3
U529,7,7,1,Gas,Moderate,8
U530,6,6,2,Gas,Heavy,26
U531,3,3,1,Electric,Light,12
U532,1,1,1,Gas,Moderate,8
U533,6,6,1,Solar,Light,5
U534,5,5,1,Gas,Moderate,20
U535,1,1,1,Gas,Heavy,18
U536,3,3,1,Gas,Heavy,13
U537,2,2,1,Gas,Light,20
U538,4,4,1,Electric,Moderate,14
U539,7,7,1,Electric,Moderate,2
U540,3,3,2,Electric,Light,4
U541,6,6,3,Solar,Light,20
U542,1,1,1,Electric,Heavy,17
U543,4,4,2,Gas,Heavy,13
U544,1,1,1,Gas,Heavy,15
U545,6,6,1,Gas,Moderate,13
U546,1,1,1,Gas,Moderate,8
U547,2,2,2,Electric,Moderate,14
U548,4,4,1,Gas,Light,6
U549,4,4,1,Gas,Light,13
U550,6,6,1,Gas,Moderate,5
U551,7,7,2,Gas,Moderate,20
U552,2,2,2,Gas,Heavy,14
U553,3,3,2,Gas,Heavy,19
U554,1,1,1,Gas,Heavy,7
U555,5,5,1,Gas,Heavy,1
U556,1,1,1,Electric,Light,7
U557,1,1,1,Gas,Moderate,0
U558,3,3,1,Gas,Moderate,25
U559,1,1,1,Gas,Light,16
U560,2,2,3,Gas,Heavy,18
U561,2,2,2,Gas,Heavy,4
U562,4,4,2,Gas,Light,29
U563,6,6,3,Gas,Light,21
U564,7,7,1,Gas,Moderate,19
U565,5,5,1,Gas,Moderate,15
U566,1,1,3,Gas,Heavy,6
U567,1,1,1,Electric,Light,6
U568,3,3,2,Gas,Light,17
U569,6,6,1,Solar,Light,17
U570,2,2,1,Gas,Light,1
U571,5,5,1,Gas,Light,14
U572,4,4,2,Electric,Heavy,13
U573,2,2,2,Electric,Moderate,17
U574,6,6,1,Gas,Moderate,28
U575,7,7,2,Gas,Light,8
U576,4,4,1,Gas,Light,13
U577,7,7,1,Gas,Heavy,4
U578,3,3,1,Gas,Moderate,10
U579,3,3,1,Gas,Moderate,7
U580,1,1,1,Gas,Moderate,4
U581,7,7,2,Gas,Moderate,28
U582,6,6,2,Electric,Moderate,10
U583,5,5,1,Electric,Moderate,4
U584,4,4,1,Solar,Heavy,16
U585,2,2,2,Gas,Light,21
U586,6,6,2,Electric,Moderate,3
U587,6,6,2,Electric,Light,14
U588,3,3,1,Gas,Moderate,18
U589,7,7,1,Gas,Heavy,21
U590,1,1,1,Solar,Moderate,1
U591,1,1,1,Gas,Moderate,23
U592,4,4,1,Gas,Heavy,16
U593,3,3,2,Gas,Moderate,11
U594,6,6,1,Gas,Light,24
U595,5,5,1,Electric,Light,23
U596,3,3,1,Gas,Moderate,16
U597,4,4,1,Gas,Moderate,9
U598,4,4,1,Gas,Moderate,27
U599,3,3,1,Gas,Moderate,24
U600,4,4,1,Gas,Heavy,17
U601,3,3,2,Gas,Light,18
U602,2,2,3,Electric,Moderate,17
U603,3,3,1,Gas,Light,12
U604,7,7,1,Gas,Heavy,13
U605,3,3,2,Electric,Light,23
U606,4,4,1,Gas,Moderate,15
U607,7,7,1,Electric,Light,17
U608,4,4,2,Electric,Moderate,25
U609,1,1,1,Electric,Heavy,17
U610,1,1,1,Gas,Moderate,15
U611,7,7,1,Gas,Moderate,16
U612,2,2,1,Gas,Moderate,6
U613,1,1,1,Gas,Moderate,11
U614,3,3,2,Electric,Heavy,1
U615,4,4,1,Electric,Light,9
U616,1,1,1,Electric,Moderate,4
U617,1,1,2,Solar,Light,20
U618,2,2,1,Electric,Light,2
U619,7,7,1,Gas,Moderate,18
U620,7,7,2,Gas,Moderate,12
U621,6,6,1,Electric,Moderate,11
U622,2,2,2,Gas,Moderate,2
U623,3,3,2,Gas,Light,5
U624,7,7,1,Gas,Light,13
U625,4,4,1,Electric,Moderate,3
U626,2,2,3,Gas,Heavy,12
U627,1,1,1,Electric,Light,18
U628,4,4,2,Electric,Moderate,17
U629,4,4,1,Gas,Moderate,28
U630,1,1,1,Gas,Moderate,2
U631,2,2,1,Gas,Heavy,19
U632,1,1,2,Electric,Heavy,5
U633,6,6,3,Electric,Moderate,15
U634,4,4,1,Electric,Light,19
U635,5,5,1,Gas,Heavy,23
U636,5,5,2,Gas,Moderate,2
U637,3,3,1,Gas,Light,11
U638,7,7,1,Electric,Moderate,18
U639,1,1,1,Gas,Heavy,18
U640,1,1,1,Gas,Heavy,23
U641,3,3,3,Gas,Light,3
U642,3,3,1,Gas,Moderate,0
U643,3,3,1,Gas,Heavy,1
U644,4,4,1,Gas,Light,12
U645,6,6,2,Gas,Moderate,29
U646,1,1,1,Gas,Moderate,25
U647,4,4,1,Electric,Moderate,28
U648,3,3,1,Electric,Light,12
U649,1,1,2,Gas,Moderate,29
U650,4,4,1,Electric,Heavy,1
U651,6,6,1,Gas,Moderate,29
U652,4,4,1,Gas,Moderate,18
U653,6,6,1,Electric,Moderate,21
U654,3,3,1,Electric,Light,23
U655,6,6,2,Electric,Moderate,15
U656,1,1,1,Gas,Moderate,11
U657,3,3,2,Gas,Heavy,0
U658,1,1,1,Electric,Light,8
U659,5,5,2,Gas,Moderate,16
U660,2,2,1,Gas,Moderate,9
U661,6,6,1,Electric,Heavy,17
U662,2,2,3,Electric,Light,18
U663,2,2,2,Electric,Light,6
U664,6,6,1,Gas,Light,24
U665,3,3,1,Electric,Heavy,18
U666,5,5,2,Gas,Light,23
U667,1,1,1,Gas,Light,14
U668,4,4,2,Gas,Light,8
U669,1,1,2,Gas,Moderate,9
U670,4,4,1,Gas,Light,22
U671,1,1,1,Electric,Moderate,19
U672,6,6,1,Gas,Light,19
U673,5,5,1,Gas,Moderate,3
U674,4,4,1,Gas,Moderate,5
U675,7,7,2,Gas,Moderate,3
U676,3,3,1,Gas,Heavy,4
U677,1,1,2,Electric,Heavy,8
U678,1,1,1,Electric,Moderate,11
U679,4,4,1,Gas,Moderate,22
U680,3,3,1,Electric,Moderate,7
U681,3,3,1,Gas,Heavy,20
U682,6,6,1,Gas,Moderate,4
U683,7,7,1,Electric,Moderate,28
U684,6,6,2,Gas,Moderate,10
U685,6,6,1,Solar,Heavy,22
U686,6,6,1,Gas,Light,10
U687,6,6,1,Electric,Light,12
U688,6,6,1,Gas,Moderate,13
U689,5,5,1,Gas,Light,27
U690,3,3,1,Gas,Moderate,7
U691,6,6,1,Electric,Light,24
U692,3,3,1,Gas,Moderate,29
U693,3,3,1,Solar,Heavy,17
U694,2,2,2,Gas,Moderate,18
U695,5,5,1,Gas,Moderate,11
U696,6,6,1,Gas,Light,11
U697,1,1,1,Gas,Light,17
U698,4,4,1,Electric,Heavy,9
U699,7,7,2,Gas,Moderate,6
U700,1,1,1,Electric,Moderate,27
U701,5,5,1,Gas,Heavy,17
U702,4,4,1,Gas,Heavy,11
U703,5,5,1,Electric,Heavy,13
U704,3,3,1,Gas,Moderate,14
U705,4,4,1,Gas,Light,15
U706,3,3,2,Solar,Moderate,1
U707,1,1,1,Electric,Moderate,29
U708,1,1,1,Gas,Light,29
U709,4,4,1,Gas,Moderate,17
U710,4,4,1,Gas,Light,11
U711,6,6,1,Gas,Moderate,15
U712,5,5,2,Electric,Moderate,12
U713,6,6,2,Electric,Moderate,19
U714,5,5,1,Gas,Moderate,16
U715,6,6,2,Gas,Heavy,17
U716,3,3,3,Gas,Moderate,2
U717,4,4,2,Gas,Moderate,22
U718,1,1,1,Gas,Heavy,9
U719,5,5,2,Gas,Moderate,0
U720,5,5,1,Gas,Heavy,5
U721,1,1,3,Gas,Light,2
U722,6,6,1,Gas,Moderate,18
U723,5,5,1,Gas,Light,3
U724,7,7,2,Gas,Light,28
U725,3,3,1,Gas,Heavy,19
U726,4,4,3,Gas,Light,22
U727,1,1,3,Gas,Moderate,2
U728,4,4,1,Gas,Moderate,7
U729,7,7,1,Electric,Moderate,7
U730,5,5,1,Solar,Moderate,26
U731,5,5,1,Electric,Moderate,28
U732,7,7,1,Gas,Light,6
U733,1,1,2,Electric,Moderate,1
U734,3,3,1,Electric,Moderate,20
U735,2,2,1,Gas,Moderate,5
U736,1,1,3,Gas,Moderate,27
U737,2,2,1,Electric,Heavy,15
U738,7,7,1,Gas,Moderate,9
U739,6,6,2,Gas,Moderate,3
U740,2,2,1,Electric,Light,12
U741,3,3,2,Electric,Moderate,9
U742,6,6,3,Gas,Moderate,20
U743,2,2,2,Gas,Light,13
U744,7,7,1,Gas,Moderate,8
U745,6,6,1,Electric,Moderate,10
U746,7,7,1,Gas,Moderate,22
U747,2,2,2,Gas,Light,17
U748,7,7,2,Electric,Moderate,10
U749,3,3,1,Gas,Light,16
U750,2,2,1,Electric,Heavy,1
U751,2,2,1,Gas,Light,2
U752,2,2,1,Gas,Moderate,10
U753,1,1,2,Gas,Moderate,17
U754,1,1,1,Gas,Heavy,26
U755,1,1,2,Gas,Light,2
U756,3,3,2,Gas,Moderate,25
U757,6,6,1,Electric,Moderate,14
U758,7,7,1,Solar,Moderate,10
U759,5,5,1,Solar,Moderate,10
U760,2,2,1,Gas,Moderate,27
U761,7,7,2,Gas,Heavy,29
U762,2,2,2,Gas,Light,27
U763,3,3,2,Electric,Light,24
U764,2,2,1,Gas,Heavy,19
U765,1,1,1,Solar,Light,27
U766,5,5,2,Gas,Heavy,24
U767,4,4,1,Solar,Moderate,10
U768,2,2,1,Electric,Moderate,18
U769,7,7,1,Electric,Light,27
U770,1,1,1,Gas,Light,0
U771,4,4,1,Gas,Moderate,26
U772,5,5,1,Gas,Heavy,4
U773,4,4,3,Gas,Heavy,9
U774,1,1,1,Gas,Light,9
U775,6,6,1,Gas,Light,13
U776,6,6,1,Gas,Light,1
U777,4,4,2,Gas,Heavy,3
U778,3,3,1,Gas,Light,1
U779,7,7,1,Gas,Light,17
U780,7,7,1,Solar,Light,12
U781,4,4,2,Gas,Moderate,18
U782,2,2,1,Gas,Heavy,4
U783,2,2,2,Gas,Moderate,19
U784,7,7,2,Electric,Light,1
U785,7,7,1,Gas,Moderate,10
U786,6,6,2,Gas,Moderate,29
U787,3,3,1,Gas,Light,29
U788,1,1,2,Gas,Light,25
U789,2,2,1,Gas,Moderate,17
U790,7,7,2,Solar,Light,29
U791,6,6,1,Solar,Light,5
U792,5,5,1,Gas,Moderate,22
U793,6,6,1,Gas,Moderate,27
U794,2,2,1,Gas,Moderate,9
U795,2,2,1,Gas,Moderate,21
U796,6,6,1,Gas,Moderate,22
U797,1,1,1,Gas,Moderate,16
U798,4,4,1,Solar,Light,21
U799,2,2,2,Solar,Heavy,10
U800,6,6,1,Gas,Light,18
U801,7,7,1,Gas,Moderate,16
U802,6,6,1,Gas,Moderate,23
U803,3,3,1,Gas,Moderate,3
U804,4,4,3,Gas,Heavy,25
U805,5,5,1,Gas,Moderate,23
U806,1,1,2,Electric,Heavy,25
U807,5,5,3,Electric,Heavy,13
U808,4,4,2,Gas,Heavy,26
U809,4,4,1,Electric,Heavy,19
U810,4,4,2,Gas,Heavy,3
U811,5,5,3,Gas,Moderate,27
U812,7,7,1,Gas,Moderate,13
U813,4,4,1,Gas,Light,25
U814,6,6,1,Gas,Moderate,3
U815,5,5,1,Gas,Heavy,5
U816,4,4,1,Solar,Moderate,29
U817,6,6,1,Gas,Heavy,8
U818,7,7,1,Gas,Heavy,20
U819,3,3,1,Gas,Light,11
U820,7,7,1,Electric,Light,28
U821,4,4,1,Gas,Moderate,25
U822,5,5,1,Solar,Light,29
U823,2,2,1,Electric,Moderate,7
U824,4,4,1,Gas,Heavy,23
U825,2,2,2,Electric,Moderate,3
U826,6,6,1,Gas,Moderate,26
U827,3,3,1,Gas,Light,25
U828,1,1,2,Electric,Moderate,24
U829,7,7,1,Gas,Moderate,24
U830,3,3,1,Gas,Moderate,4
U831,4,4,2,Gas,Light,5
U832,2,2,2,Gas,Moderate,4
U833,7,7,1,Solar,Light,18
U834,2,2,1,Gas,Heavy,26
U835,5,5,3,Electric,Light,7
U836,2,2,1,Gas,Light,8
U837,5,5,1,Electric,Light,14
U838,6,6,2,Gas,Moderate,3
U839,7,7,1,Gas,Moderate,24
U840,7,7,1,Electric,Moderate,8
U841,1,1,1,Gas,Moderate,6
U842,4,4,2,Gas,Moderate,7
U843,5,5,1,Gas,Moderate,14
U844,1,1,1,Electric,Moderate,18
U845,2,2,1,Gas,Light,14
U846,2,2,1,Solar,Moderate,4
U847,1,1,1,Gas,Moderate,18
U848,7,7,2,Gas,Heavy,6
U849,2,2,1,Electric,Moderate,5
U850,6,6,1,Electric,Light,26
U851,6,6,2,Electric,Light,18
U852,1,1,1,Solar,Heavy,24
U853,5,5,3,Gas,Light,27
U854,5,5,1,Gas,Light,16
U855,1,1,1,Gas,Light,9
U856,5,5,1,Electric,Moderate,18
U857,7,7,2,Electric,Light,10
U858,7,7,1,Gas,Moderate,14
U859,5,5,1,Gas,Moderate,9
U860,6,6,1,Gas,Heavy,10
U861,5,5,1,Electric,Light,22
U862,7,7,1,Gas,Moderate,2
U863,3,3,2,Gas,Moderate,29
U864,4,4,1,Gas,Moderate,2
U865,2,2,2,Electric,Moderate,17
U866,3,3,1,Electric,Heavy,24
U867,5,5,1,Gas,Light,10
U868,6,6,1,Gas,Heavy,19
U869,1,1,1,Gas,Moderate,25
U870,5,5,2,Electric,Light,28
U871,6,6,3,Solar,Heavy,21
U872,4,4,1,Gas,Moderate,17
U873,5,5,1,Gas,Light,24
U874,7,7,1,Gas,Light,14
U875,1,1,3,Gas,Light,6
U876,6,6,1,Electric,Moderate,9
U877,6,6,1,Gas,Light,20
U878,6,6,2,Gas,Light,22
U879,4,4,1,Gas,Light,29
U880,5,5,1,Gas,Moderate,19
U881,4,4,1,Gas,Heavy,28
U882,2,2,2,Gas,Moderate,9
U883,2,2,1,Gas,Light,12
U884,5,5,1,Electric,Heavy,14
U885,7,7,1,Gas,Moderate,22
U886,4,4,1,Gas,Heavy,17
U887,1,1,1,Solar,Moderate,22
U888,6,6,1,Gas,Moderate,3
U889,6,6,1,Electric,Moderate,19
U890,5,5,1,Gas,Light,16
U891,7,7,1,Gas,Moderate,27
U892,2,2,1,Gas,Heavy,2
U893,2,2,2,Gas,Heavy,20
U894,6,6,1,Gas,Heavy,20
U895,5,5,2,Solar,Moderate,1
U896,4,4,2,Gas,Light,3
U897,2,2,1,Gas,Light,0
U898,4,4,1,Gas,Moderate,14
U899,7,7,1,Gas,Moderate,24
U900,2,2,1,Gas,Light,0
U901,2,2,1,Gas,Light,5
U902,3,3,1,Electric,Moderate,6
U903,2,2,1,Solar,Moderate,18
U904,1,1,2,Gas,Heavy,11
U905,5,5,1,Gas,Moderate,0
U906,5,5,2,Solar,Moderate,6
U907,4,4,1,Electric,Moderate,18
U908,7,7,2,Gas,Heavy,12
U909,2,2,1,Solar,Moderate,25
U910,1,1,1,Gas,Heavy,11
U911,4,4,1,Solar,Heavy,11
U912,3,3,1,Gas,Heavy,21
U913,4,4,1,Gas,Moderate,12
U914,4,4,2,Electric,Light,27
U915,2,2,1,Gas,Light,13
U916,3,3,1,Gas,Light,21
U917,4,4,2,Gas,Light,29
U918,1,1,2,Solar,Light,11
U919,1,1,1,Electric,Moderate,19
U920,5,5,1,Electric,Moderate,11
U921,3,3,1,Gas,Moderate,26
U922,3,3,1,Electric,Light,5
U923,5,5,2,Gas,Moderate,26
U924,4,4,3,Gas,Moderate,9
U925,3,3,2,Electric,Moderate,19
U926,1,1,2,Gas,Heavy,28
U927,1,1,1,Gas,Light,23
U928,2,2,2,Gas,Light,8
U929,3,3,2,Gas,Moderate,1
U930,4,4,1,Electric,Light,6
U931,5,5,2,Gas,Moderate,8
U932,5,5,1,Electric,Moderate,24
U933,4,4,1,Gas,Light,11
U934,7,7,2,Gas,Light,4
U935,6,6,1,Gas,Moderate,0
U936,2,2,1,Electric,Moderate,21
U937,5,5,1,Gas,Moderate,14
U938,3,3,1,Solar,Light,7
U939,2,2,2,Electric,Light,0
U940,3,3,1,Gas,Light,17
U941,7,7,1,Gas,Light,12
U942,1,1,2,Solar,Heavy,28
U943,2,2,1,Electric,Light,0
U944,5,5,1,Gas,Moderate,4
U945,2,2,1,Gas,Heavy,17
U946,2,2,2,Electric,Light,15
U947,2,2,1,Electric,Moderate,25
U948,6,6,1,Gas,Heavy,9
U949,2,2,1,Electric,Heavy,29
U950,3,3,1,Solar,Moderate,3
U951,1,1,1,Gas,Moderate,0
U952,7,7,1,Electric,Heavy,22
U953,4,4,1,Gas,Moderate,7
U954,2,2,2,Gas,Heavy,4
U955,5,5,1,Gas,Moderate,1
U956,2,2,2,Gas,Moderate,23
U957,5,5,3,Electric,Heavy,16
U958,3,3,2,Gas,Heavy,6
U959,5,5,1,Gas,Moderate,16
U960,4,4,1,Gas,Light,27
U961,1,1,1,Gas,Moderate,5
U962,5,5,1,Gas,Moderate,28
U963,5,5,1,Electric,Moderate,21
U964,1,1,2,Gas,Heavy,14
U965,4,4,2,Electric,Heavy,4
U966,2,2,1,Electric,Moderate,14
U967,5,5,1,Gas,Light,17
U968,1,1,2,Electric,Moderate,17
U969,3,3,1,Gas,Moderate,24
U970,1,1,1,Gas,Moderate,20
U971,3,3,2,Gas,Moderate,20
U972,4,4,1,Gas,Moderate,22
U973,2,2,1,Gas,Light,5
U974,1,1,1,Electric,Light,1
U975,7,7,2,Gas,Moderate,26
U976,7,7,1,Electric,Light,16
U977,6,6,1,Gas,Moderate,20
U978,5,5,1,Electric,Moderate,3
U979,4,4,1,Gas,Moderate,11
U980,1,1,1,Gas,Light,18
U981,7,7,2,Gas,Heavy,1
U982,5,5,1,Gas,Moderate,25
U983,7,7,2,Gas,Moderate,1
U984,1,1,1,Electric,Moderate,13
U985,3,3,1,Gas,Light,14
U986,1,1,1,Electric,Moderate,19
U987,6,6,1,Electric,Heavy,1
U988,1,1,1,Electric,Moderate,3
U989,1,1,1,Gas,Heavy,18
U990,6,6,1,Gas,Moderate,8
U991,4,4,1,Solar,Light,6
U992,1,1,1,Electric,Light,29
U993,6,6,2,Gas,Moderate,12
U994,5,5,2,Gas,Moderate,26
U995,3,3,1,Gas,Light,11
U996,3,3,1,Gas,Heavy,2
U997,1,1,1,Electric,Moderate,12
U998,4,4,1,Gas,Moderate,14
U999,4,4,1,Gas,Heavy,13
U1000,5,5,2,Gas,Heavy,23
U1001,1,1,1,Gas,Moderate,8
U1002,3,3,1,Electric,Heavy,12
U1003,4,4,2,Electric,Heavy,22
U1004,1,1,1,Gas,Moderate,21
U1005,7,7,2,Electric,Light,3
U1006,4,4,1,Gas,Light,20
U1007,6,6,1,Gas,Moderate,7
U1008,7,7,1,Gas,Moderate,2
U1009,4,4,1,Gas,Heavy,1
U1010,3,3,3,Gas,Moderate,18
U1011,2,2,1,Gas,Moderate,27
U1012,7,7,3,Electric,Heavy,22
U1013,5,5,1,Gas,Heavy,7
U1014,5,5,1,Electric,Moderate,16
U1015,3,3,1,Gas,Light,12
U1016,4,4,1,Solar,Moderate,6
U1017,1,1,2,Electric,Moderate,8
U1018,4,4,1,Gas,Moderate,11
U1019,3,3,1,Electric,Moderate,28
U1020,5,5,1,Gas,Heavy,13
U1021,4,4,1,Electric,Moderate,13
U1022,5,5,1,Gas,Moderate,14
U1023,7,7,1,Gas,Light,2
U1024,1,1,2,Electric,Moderate,14
U1025,7,7,1,Gas,Light,18
U1026,5,5,1,Gas,Heavy,23
U1027,5,5,1,Electric,Light,19
U1028,2,2,1,Gas,Moderate,13
U1029,2,2,3,Gas,Light,7
U1030,7,7,1,Gas,Light,4
U1031,6,6,1,Gas,Moderate,29
U1032,7,7,1,Solar,Moderate,18
U1033,2,2,1,Gas,Light,3
U1034,5,5,1,Gas,Moderate,13
U1035,3,3,3,Electric,Moderate,15
U1036,7,7,2,Electric,Moderate,19
U1037,5,5,3,Gas,Light,23
U1038,3,3,1,Gas,Moderate,5
U1039,3,3,1,Solar,Light,22
U1040,2,2,1,Electric,Moderate,24
U1041,7,7,1,Gas,Light,5
U1042,4,4,2,Gas,Moderate,2
U1043,1,1,1,Gas,Light,14
U1044,2,2,2,Gas,Heavy,28
U1045,2,2,2,Gas,Moderate,2
U1046,4,4,1,Electric,Light,10
U1047,1,1,1,Gas,Light,2
U1048,5,5,1,Electric,Heavy,27
U1049,6,6,1,Gas,Moderate,9
U1050,7,7,2,Electric,Moderate,17
U1051,6,6,1,Electric,Heavy,0
U1052,5,5,1,Gas,Heavy,15
U1053,2,2,1,Gas,Moderate,15
U1054,1,1,3,Gas,Light,26
U1055,2,2,1,Electric,Heavy,9
U1056,3,3,2,Electric,Light,0
U1057,2,2,1,Gas,Moderate,3
U1058,2,2,2,Gas,Moderate,2
U1059,5,5,2,Gas,Moderate,4
U1060,5,5,1,Electric,Moderate,11
U1061,5,5,1,Gas,Moderate,24
U1062,6,6,2,Gas,Heavy,11
U1063,3,3,1,Gas,Light,12
U1064,5,5,2,Gas,Moderate,23
U1065,1,1,1,Electric,Moderate,11
U1066,6,6,2,Gas,Heavy,24
U1067,4,4,2,Gas,Light,15
U1068,1,1,2,Gas,Light,12
U1069,7,7,1,Gas,Light,4
U1070,7,7,1,Gas,Light,23
U1071,1,1,1,Solar,Heavy,3
U1072,5,5,1,Electric,Moderate,20
U1073,4,4,1,Gas,Moderate,14
U1074,4,4,1,Gas,Moderate,11
U1075,6,6,2,Electric,Moderate,18
U1076,4,4,1,Gas,Light,20
U1077,7,7,1,Gas,Moderate,27
U1078,3,3,1,Electric,Moderate,18
U1079,5,5,1,Electric,Light,20
U1080,4,4,1,Solar,Moderate,10
U1081,6,6,3,Solar,Moderate,29
U1082,7,7,2,Electric,Light,20
U1083,3,3,1,Gas,Light,5
U1084,2,2,1,Gas,Moderate,8
U1085,2,2,2,Gas,Light,0
U1086,3,3,1,Gas,Heavy,11
U1087,7,7,1,Gas,Light,25
U1088,6,6,1,Gas,Moderate,13
U1089,3,3,1,Gas,Heavy,5
U1090,5,5,1,Gas,Heavy,0
U1091,5,5,1,Gas,Heavy,21
U1092,2,2,1,Gas,Light,1
U1093,4,4,2,Gas,Moderate,23
U1094,6,6,1,Electric,Moderate,10
U1095,2,2,2,Gas,Light,2
U1096,4,4,2,Gas,Light,9
U1097,4,4,1,Electric,Heavy,29
U1098,5,5,1,Gas,Moderate,5
U1099,7,7,1,Gas,Moderate,5
U1100,1,1,1,Gas,Heavy,19
U1101,7,7,2,Gas,Moderate,20
U1102,1,1,1,Solar,Moderate,1
U1103,3,3,3,Gas,Moderate,25
U1104,5,5,1,Electric,Light,25
U1105,4,4,1,Gas,Moderate,23
U1106,6,6,1,Gas,Heavy,9
U1107,1,1,1,Gas,Heavy,22
U1108,7,7,1,Gas,Heavy,25
U1109,4,4,1,Gas,Moderate,5
U1110,1,1,1,Gas,Heavy,22
U1111,1,1,1,Gas,Light,27
U1112,1,1,3,Gas,Light,16
U1113,6,6,1,Gas,Moderate,29
U1114,5,5,2,Electric,Moderate,13
U1115,6,6,2,Gas,Light,4
U1116,2,2,2,Gas,Moderate,22
U1117,4,4,1,Gas,Light,16
U1118,5,5,2,Gas,Moderate,1
U1119,5,5,1,Electric,Moderate,8
U1120,5,5,1,Gas,Moderate,11
U1121,7,7,1,Electric,Light,18
U1122,5,5,2,Gas,Moderate,21
U1123,6,6,1,Electric,Moderate,6
U1124,5,5,2,Gas,Moderate,8
U1125,3,3,1,Electric,Moderate,20
U1126,4,4,2,Gas,Moderate,15
U1127,5,5,3,Gas,Heavy,19
U1128,4,4,1,Gas,Light,10
U1129,3,3,3,Gas,Moderate,11
U1130,3,3,1,Solar,Moderate,14
U1131,4,4,1,Gas,Moderate,17
U1132,1,1,1,Gas,Light,18
U1133,2,2,1,Gas,Light,15
U1134,7,7,1,Gas,Light,14
U1135,1,1,1,Gas,Heavy,4
U1136,1,1,1,Electric,Moderate,10
U1137,6,6,2,Gas,Moderate,14
U1138,7,7,2,Solar,Heavy,28
U1139,7,7,2,Gas,Light,17
U1140,1,1,2,Gas,Heavy,12
U1141,5,5,2,Electric,Moderate,3
U1142,6,6,1,Gas,Moderate,16
U1143,6,6,1,Gas,Heavy,3
U1144,3,3,2,Gas,Heavy,15
U1145,7,7,1,Gas,Heavy,22
U1146,1,1,1,Gas,Light,14
U1147,3,3,1,Electric,Heavy,13
U1148,4,4,1,Gas,Heavy,11
U1149,2,2,1,Gas,Moderate,2
U1150,6,6,1,Electric,Light,9
U1151,4,4,1,Solar,Light,7
U1152,4,4,1,Gas,Heavy,5
U1153,5,5,1,Gas,Moderate,21
U1154,2,2,1,Gas,Moderate,13
U1155,4,4,2,Solar,Light,16
U1156,4,4,1,Electric,Light,20
U1157,2,2,1,Gas,Moderate,18
U1158,2,2,2,Gas,Moderate,15
U1159,4,4,1,Gas,Heavy,14
U1160,2,2,1,Electric,Moderate,25
U1161,4,4,1,Gas,Moderate,14
U1162,4,4,2,Electric,Light,0
U1163,5,5,1,Solar,Light,23
U1164,1,1,1,Gas,Moderate,22
U1165,4,4,2,Gas,Moderate,22
U1166,3,3,1,Gas,Light,11
U1167,6,6,1,Gas,Heavy,9
U1168,7,7,1,Gas,Moderate,13
U1169,1,1,1,Gas,Light,9
U1170,1,1,1,Electric,Light,9
U1171,1,1,1,Electric,Light,19
U1172,5,5,2,Gas,Heavy,28
U1173,4,4,1,Gas,Light,10
U1174,5,5,1,Gas,Moderate,21
U1175,4,4,1,Electric,Moderate,15
U1176,5,5,1,Electric,Light,28
U1177,5,5,1,Gas,Light,8
U1178,6,6,2,Gas,Light,14
U1179,3,3,1,Gas,Moderate,13
U1180,5,5,2,Gas,Light,18
U1181,6,6,2,Gas,Light,8
U1182,2,2,1,Electric,Heavy,3
U1183,3,3,2,Electric,Light,20
U1184,5,5,1,Gas,Moderate,6
U1185,7,7,1,Electric,Moderate,21
U1186,1,1,1,Solar,Moderate,25
U1187,2,2,1,Gas,Moderate,7
U1188,2,2,1,Gas,Light,23
U1189,6,6,1,Solar,Moderate,7
U1190,2,2,1,Gas,Moderate,18
U1191,3,3,1,Solar,Moderate,14
U1192,5,5,1,Solar,Light,15
U1193,5,5,2,Electric,Heavy,29
U1194,7,7,2,Electric,Light,25
U1195,1,1,1,Electric,Moderate,21
U1196,6,6,1,Electric,Moderate,22
U1197,1,1,2,Gas,Light,8
U1198,2,2,2,Gas,Moderate,25
U1199,7,7,2,Gas,Moderate,25
U1200,1,1,1,Electric,Heavy,29
U1201,3,3,1,Gas,Heavy,11
U1202,5,5,1,Gas,Moderate,15
U1203,2,2,1,Gas,Moderate,3
U1204,7,7,2,Electric,Light,4
U1205,1,1,2,Solar,Moderate,7
U1206,6,6,1,Solar,Light,0
U1207,3,3,2,Gas,Moderate,27
U1208,3,3,1,Electric,Moderate,5
U1209,1,1,1,Electric,Moderate,14
U1210,5,5,1,Gas,Moderate,3
U1211,1,1,2,Gas,Heavy,20
U1212,2,2,1,Gas,Moderate,10
U1213,1,1,2,Solar,Heavy,4
U1214,3,3,2,Gas,Moderate,17
U1215,7,7,1,Gas,Moderate,23
U1216,1,1,1,Electric,Moderate,14
U1217,5,5,2,Gas,Light,17
U1218,7,7,1,Gas,Heavy,19
U1219,6,6,2,Gas,Moderate,27
U1220,4,4,2,Gas,Heavy,12
U1221,1,1,1,Electric,Moderate,4
U1222,5,5,1,Gas,Heavy,29
U1223,7,7,2,Gas,Moderate,0
U1224,5,5,1,Gas,Moderate,21
U1225,6,6,1,Gas,Light,17
U1226,3,3,1,Gas,Moderate,13
U1227,5,5,1,Electric,Moderate,4
U1228,7,7,2,Electric,Light,5
U1229,5,5,2,Electric,Heavy,26
U1230,5,5,1,Electric,Moderate,23
U1231,5,5,1,Gas,Heavy,24
U1232,2,2,1,Gas,Heavy,28
U1233,2,2,2,Solar,Moderate,27
U1234,3,3,1,Gas,Heavy,15
U1235,1,1,1,Gas,Moderate,21
U1236,5,5,1,Gas,Heavy,20
U1237,6,6,1,Gas,Moderate,11
U1238,1,1,2,Gas,Moderate,19
U1239,6,6,1,Solar,Moderate,17
U1240,1,1,1,Gas,Moderate,1
U1241,3,3,1,Gas,Moderate,22
U1242,5,5,3,Solar,Moderate,20
U1243,5,5,1,Solar,Moderate,22
U1244,4,4,1,Gas,Heavy,12
U1245,6,6,1,Gas,Moderate,26
U1246,1,1,2,Electric,Moderate,16
U1247,1,1,1,Electric,Moderate,16
U1248,2,2,1,Electric,Moderate,15
U1249,4,4,1,Electric,Heavy,20
U1250,7,7,2,Electric,Moderate,17
U1251,7,7,1,Gas,Light,7
U1252,2,2,2,Electric,Moderate,29
U1253,2,2,1,Gas,Moderate,2
U1254,2,2,1,Electric,Heavy,16
U1255,6,6,1,Gas,Moderate,28
U1256,6,6,2,Gas,Heavy,17
U1257,3,3,1,Gas,Moderate,25
U1258,3,3,2,Gas,Heavy,25
U1259,2,2,2,Gas,Light,22
U1260,4,4,1,Gas,Heavy,5
U1261,1,1,2,Gas,Heavy,27
U1262,6,6,2,Electric,Heavy,7
U1263,4,4,1,Gas,Light,22
U1264,5,5,1,Electric,Light,29
U1265,6,6,2,Electric,Moderate,25
U1266,6,6,1,Electric,Light,12
U1267,3,3,2,Gas,Light,7
U1268,1,1,3,Solar,Light,18
U1269,1,1,1,Gas,Moderate,5
U1270,7,7,1,Gas,Moderate,28
U1271,7,7,1,Gas,Light,22
U1272,7,7,1,Gas,Light,14
U1273,7,7,1,Solar,Moderate,9
U1274,5,5,1,Gas,Moderate,26
U1275,5,5,1,Electric,Light,16
U1276,6,6,2,Electric,Moderate,0
U1277,2,2,2,Gas,Heavy,6
U1278,3,3,1,Gas,Heavy,28
U1279,3,3,1,Gas,Heavy,26
U1280,7,7,1,Gas,Heavy,12
U1281,6,6,1,Gas,Moderate,2
U1282,4,4,2,Solar,Moderate,18
U1283,2,2,2,Solar,Moderate,14
U1284,6,6,2,Gas,Moderate,4
U1285,2,2,2,Gas,Moderate,10
U1286,2,2,1,Electric,Moderate,21
U1287,2,2,2,Gas,Moderate,17
U1288,6,6,1,Electric,Light,2
U1289,7,7,2,Gas,Moderate,5
U1290,3,3,1,Gas,Light,2
U1291,3,3,2,Electric,Light,29
U1292,7,7,2,Gas,Light,4
U1293,2,2,1,Solar,Moderate,8
U1294,4,4,1,Solar,Light,27
U1295,1,1,2,Gas,Heavy,18
U1296,6,6,1,Gas,Moderate,27
U1297,1,1,1,Solar,Moderate,26
U1298,7,7,1,Solar,Moderate,12
U1299,4,4,1,Gas,Moderate,28
U1300,6,6,2,Electric,Moderate,5
U1301,7,7,1,Gas,Moderate,10
U1302,2,2,1,Gas,Moderate,20
U1303,3,3,1,Electric,Heavy,20
U1304,1,1,1,Gas,Heavy,26
U1305,5,5,1,Solar,Moderate,29
U1306,5,5,1,Gas,Light,13
U1307,4,4,1,Gas,Moderate,5
U1308,2,2,1,Gas,Moderate,5
U1309,1,1,2,Gas,Moderate,16
U1310,2,2,1,Electric,Heavy,10
U1311,1,1,1,Gas,Moderate,14
U1312,4,4,1,Gas,Heavy,8
U1313,4,4,1,Gas,Light,20
U1314,5,5,1,Gas,Light,16
U1315,2,2,1,Electric,Light,23
U1316,6,6,2,Gas,Heavy,6
U1317,5,5,1,Gas,Heavy,6
U1318,2,2,1,Gas,Moderate,29
U1319,5,5,2,Gas,Moderate,20
U1320,6,6,1,Gas,Moderate,0
U1321,3,3,1,Gas,Heavy,24
U1322,3,3,1,Gas,Heavy,26
U1323,3,3,1,Electric,Moderate,24
U1324,3,3,2,Electric,Moderate,7
U1325,7,7,2,Gas,Light,4
U1326,1,1,2,Gas,Moderate,29
U1327,7,7,1,Gas,Moderate,18
U1328,7,7,1,Gas,Light,7
U1329,7,7,1,Gas,Heavy,16
U1330,3,3,1,Gas,Moderate,18
U1331,6,6,1,Gas,Heavy,11
U1332,4,4,3,Gas,Light,26
U1333,4,4,1,Gas,Moderate,22
U1334,1,1,1,Gas,Moderate,29
U1335,3,3,1,Gas,Light,14
U1336,3,3,1,Gas,Moderate,3
U1337,3,3,1,Gas,Light,22
U1338,5,5,2,Gas,Light,11
U1339,2,2,1,Gas,Light,26
U1340,5,5,2,Gas,Light,12
U1341,2,2,1,Gas,Moderate,13
U1342,3,3,2,Gas,Light,4
U1343,3,3,2,Gas,Moderate,21
U1344,5,5,1,Gas,Moderate,15
U1345,5,5,1,Electric,Moderate,29
U1346,2,2,3,Gas,Heavy,6
U1347,4,4,1,Gas,Moderate,14
U1348,2,2,2,Electric,Moderate,12
U1349,5,5,1,Gas,Light,25
U1350,6,6,1,Gas,Moderate,15
U1351,5,5,2,Electric,Heavy,11
U1352,6,6,2,Electric,Moderate,6
U1353,1,1,1,Gas,Light,15
U1354,5,5,2,Gas,Moderate,22
U1355,1,1,1,Gas,Moderate,22
U1356,4,4,1,Gas,Moderate,26
U1357,2,2,1,Gas,Moderate,12
U1358,6,6,1,Gas,Light,28
U1359,2,2,2,Gas,Heavy,22
U1360,1,1,1,Solar,Light,2
U1361,6,6,1,Solar,Light,14
U1362,2,2,1,Gas,Moderate,27
U1363,5,5,1,Gas,Light,2
U1364,3,3,1,Gas,Light,6
U1365,1,1,2,Electric,Light,29
U1366,2,2,1,Gas,Moderate,17
U1367,1,1,2,Gas,Heavy,13
U1368,7,7,3,Gas,Heavy,17
U1369,1,1,1,Gas,Moderate,18
U1370,6,6,2,Gas,Light,13
U1371,7,7,2,Electric,Moderate,19
U1372,6,6,1,Electric,Moderate,5
U1373,3,3,1,Gas,Moderate,28
U1374,7,7,1,Gas,Light,7
U1375,5,5,1,Gas,Light,25
U1376,1,1,2,Electric,Moderate,25
U1377,2,2,1,Solar,Moderate,6
U1378,4,4,2,Solar,Heavy,19
U1379,1,1,1,Electric,Moderate,17
U1380,1,1,1,Gas,Light,17
U1381,3,3,3,Gas,Moderate,14
U1382,5,5,1,Gas,Moderate,19
U1383,4,4,1,Solar,Light,21
U1384,7,7,1,Gas,Light,18
U1385,7,7,1,Gas,Light,21
U1386,7,7,1,Electric,Light,20
U1387,6,6,1,Gas,Moderate,20
U1388,6,6,1,Gas,Heavy,1
U1389,2,2,3,Electric,Moderate,7
U1390,4,4,1,Gas,Moderate,20
U1391,7,7,1,Gas,Moderate,10
U1392,6,6,1,Electric,Moderate,17
U1393,2,2,2,Gas,Light,22
U1394,5,5,1,Solar,Moderate,12
U1395,2,2,1,Gas,Moderate,8
U1396,6,6,1,Gas,Light,8
U1397,3,3,1,Electric,Moderate,16
U1398,3,3,2,Gas,Moderate,6
U1399,7,7,2,Gas,Moderate,8
U1400,3,3,1,Electric,Light,21
U1401,7,7,1,Gas,Moderate,0
U1402,7,7,1,Gas,Moderate,1
U1403,6,6,3,Gas,Light,3
U1404,3,3,3,Gas,Light,13
U1405,7,7,1,Gas,Moderate,3
U1406,4,4,2,Gas,Light,1
U1407,5,5,2,Electric,Moderate,7
U1408,2,2,1,Solar,Moderate,17
U1409,2,2,1,Gas,Light,18
U1410,6,6,1,Gas,Light,13
U1411,3,3,2,Gas,Moderate,19
U1412,3,3,3,Gas,Light,24
U1413,7,7,2,Electric,Light,9
U1414,1,1,2,Electric,Moderate,16
U1415,7,7,1,Electric,Moderate,7
U1416,5,5,2,Gas,Moderate,27
U1417,4,4,2,Gas,Light,13
U1418,2,2,1,Gas,Moderate,20
U1419,7,7,1,Gas,Moderate,22
U1420,1,1,2,Gas,Heavy,7
U1421,1,1,1,Solar,Moderate,4
U1422,7,7,2,Gas,Light,15
U1423,6,6,1,Electric,Moderate,7
U1424,2,2,1,Gas,Moderate,9
U1425,6,6,2,Gas,Moderate,26
U1426,4,4,1,Gas,Heavy,7
U1427,1,1,1,Gas,Moderate,8
U1428,1,1,1,Gas,Light,17
U1429,5,5,2,Gas,Moderate,2
U1430,4,4,1,Electric,Light,16
U1431,1,1,2,Gas,Moderate,19
U1432,4,4,1,Gas,Moderate,14
U1433,2,2,3,Electric,Moderate,20
U1434,3,3,3,Electric,Light,26
U1435,1,1,1,Electric,Moderate,16
U1436,5,5,1,Gas,Moderate,7
U1437,2,2,1,Solar,Moderate,1
U1438,7,7,1,Gas,Light,16
U1439,4,4,1,Gas,Moderate,17
U1440,7,7,1,Gas,Light,28
U1441,6,6,1,Gas,Light,4
U1442,2,2,1,Gas,Light,8
U1443,7,7,1,Gas,Light,8
U1444,1,1,1,Gas,Moderate,1
U1445,4,4,3,Gas,Heavy,1
U1446,3,3,1,Gas,Moderate,18
U1447,2,2,1,Electric,Light,22
U1448,1,1,1,Solar,Moderate,26
U1449,5,5,2,Gas,Moderate,2
U1450,6,6,2,Electric,Light,16
U1451,4,4,2,Electric,Heavy,13
U1452,2,2,3,Gas,Moderate,13
U1453,2,2,1,Gas,Heavy,13
U1454,3,3,2,Electric,Moderate,5
U1455,3,3,2,Solar,Moderate,2
U1456,5,5,1,Gas,Light,0
U1457,6,6,3,Gas,Moderate,29
U1458,5,5,1,Gas,Light,15
U1459,1,1,1,Gas,Heavy,28
U1460,1,1,1,Electric,Moderate,3
U1461,5,5,1,Electric,Heavy,28
U1462,6,6,2,Gas,Moderate,0
U1463,5,5,1,Electric,Heavy,16
U1464,6,6,1,Gas,Light,27
U1465,6,6,1,Solar,Moderate,17
U1466,7,7,2,Gas,Moderate,25
U1467,4,4,1,Gas,Moderate,7
U1468,6,6,1,Gas,Moderate,1
U1469,3,3,2,Gas,Light,26
U1470,6,6,2,Gas,Light,17
U1471,6,6,1,Gas,Heavy,26
U1472,6,6,2,Gas,Moderate,26
U1473,7,7,2,Electric,Light,15
U1474,7,7,2,Gas,Moderate,25
U1475,1,1,1,Gas,Heavy,9
U1476,7,7,1,Gas,Light,7
U1477,3,3,1,Electric,Heavy,11
U1478,3,3,1,Gas,Heavy,21
U1479,7,7,1,Solar,Heavy,15
U1480,5,5,1,Electric,Heavy,11
U1481,4,4,1,Gas,Moderate,10
U1482,7,7,1,Gas,Moderate,19
U1483,6,6,1,Gas,Light,18
U1484,2,2,2,Gas,Light,0
U1485,4,4,1,Electric,Moderate,26
U1486,4,4,1,Solar,Moderate,2
U1487,3,3,2,Gas,Light,11
U1488,4,4,1,Gas,Moderate,29
U1489,7,7,2,Electric,Light,8
U1490,6,6,2,Gas,Heavy,20
U1491,6,6,1,Gas,Light,28
U1492,1,1,2,Gas,Moderate,21
U1493,6,6,1,Gas,Moderate,4
U1494,6,6,1,Electric,Light,0
U1495,3,3,1,Gas,Heavy,9
U1496,6,6,1,Gas,Moderate,16
U1497,1,1,2,Solar,Moderate,3
U1498,2,2,1,Gas,Light,14
U1499,7,7,1,Electric,Moderate,18
U1500,3,3,1,Gas,Light,26
U1501,2,2,1,Gas,Moderate,7
U1502,3,3,1,Solar,Moderate,27
U1503,5,5,1,Gas,Heavy,27
U1504,4,4,2,Gas,Moderate,22
U1505,5,5,1,Gas,Light,14
U1506,6,6,1,Gas,Light,26
U1507,2,2,1,Gas,Moderate,6
U1508,6,6,1,Electric,Light,14
U1509,4,4,2,Solar,Light,7
U1510,3,3,1,Solar,Heavy,29
U1511,4,4,1,Gas,Light,25
U1512,1,1,1,Gas,Heavy,22
U1513,4,4,2,Gas,Light,9
U1514,1,1,1,Electric,Heavy,17
U1515,4,4,1,Gas,Moderate,3
U1516,7,7,2,Gas,Moderate,14
U1517,1,1,1,Electric,Light,10
U1518,2,2,2,Gas,Heavy,21
U1519,6,6,2,Gas,Heavy,2
U1520,6,6,1,Solar,Moderate,14
U1521,5,5,1,Solar,Moderate,2
U1522,6,6,1,Gas,Moderate,14
U1523,3,3,1,Gas,Light,5
U1524,7,7,3,Solar,Moderate,0
U1525,4,4,1,Gas,Heavy,13
U1526,5,5,1,Gas,Moderate,15
U1527,3,3,2,Gas,Light,0
U1528,3,3,1,Gas,Moderate,20
U1529,1,1,1,Gas,Moderate,16
U1530,6,6,1,Gas,Light,25
U1531,2,2,1,Gas,Light,7
U1532,2,2,2,Gas,Light,17
U1533,5,5,1,Solar,Moderate,15
U1534,7,7,1,Electric,Light,5
U1535,2,2,1,Electric,Moderate,9
U1536,4,4,1,Gas,Moderate,9
U1537,2,2,1,Gas,Moderate,4
U1538,5,5,1,Gas,Heavy,25
U1539,2,2,1,Solar,Light,27
U1540,4,4,2,Gas,Moderate,11
U1541,1,1,1,Gas,Heavy,19
U1542,7,7,1,Electric,Light,16
U1543,5,5,1,Gas,Light,13
U1544,1,1,2,Gas,Heavy,13
U1545,1,1,2,Solar,Heavy,2
U1546,1,1,1,Electric,Moderate,28
U1547,3,3,3,Gas,Light,11
U1548,7,7,1,Solar,Moderate,19
U1549,6,6,1,Electric,Light,17
U1550,7,7,1,Electric,Moderate,11
U1551,3,3,1,Gas,Moderate,1
U1552,6,6,2,Gas,Heavy,1
U1553,7,7,1,Gas,Light,26
U1554,1,1,1,Electric,Moderate,16
U1555,5,5,2,Gas,Light,9
U1556,6,6,1,Gas,Moderate,17
U1557,4,4,1,Gas,Moderate,21
U1558,4,4,1,Electric,Light,18
U1559,2,2,1,Gas,Moderate,25
U1560,6,6,1,Gas,Moderate,20
U1561,5,5,1,Gas,Heavy,0
U1562,3,3,1,Gas,Moderate,23
U1563,1,1,1,Electric,Heavy,28
U1564,2,2,2,Electric,Moderate,3
U1565,4,4,1,Gas,Light,24
U1566,3,3,1,Gas,Moderate,3
U1567,3,3,1,Electric,Moderate,29
U1568,1,1,1,Gas,Moderate,1
U1569,6,6,1,Gas,Moderate,18
U1570,4,4,1,Solar,Moderate,20
U1571,5,5,1,Gas,Light,11
U1572,3,3,2,Solar,Light,9
U1573,1,1,1,Gas,Moderate,12
U1574,5,5,2,Gas,Moderate,28
U1575,6,6,1,Gas,Moderate,29
U1576,4,4,2,Solar,Moderate,21
U1577,6,6,1,Gas,Light,22
U1578,3,3,2,Gas,Moderate,19
U1579,5,5,1,Solar,Moderate,22
U1580,5,5,1,Gas,Moderate,14
U1581,5,5,1,Gas,Moderate,25
U1582,3,3,2,Gas,Moderate,2
U1583,3,3,1,Electric,Moderate,22
U1584,6,6,1,Gas,Heavy,19
U1585,2,2,1,Gas,Moderate,28
U1586,6,6,1,Gas,Moderate,12
U1587,4,4,1,Gas,Moderate,7
U1588,1,1,1,Solar,Moderate,24
U1589,5,5,3,Solar,Moderate,6
U1590,2,2,2,Electric,Moderate,23
U1591,1,1,3,Electric,Moderate,7
U1592,2,2,1,Electric,Light,17
U1593,7,7,2,Gas,Heavy,8
U1594,6,6,2,Electric,Moderate,5
U1595,3,3,1,Gas,Moderate,26
U1596,5,5,1,Gas,Moderate,3
U1597,6,6,1,Electric,Light,14
U1598,1,1,2,Gas,Light,4
U1599,7,7,1,Electric,Light,25
U1600,7,7,1,Gas,Moderate,4
U1601,7,7,1,Gas,Heavy,6
U1602,1,1,2,Gas,Moderate,29
U1603,1,1,2,Gas,Moderate,8
U1604,1,1,3,Electric,Moderate,6
U1605,1,1,1,Gas,Light,8
U1606,7,7,1,Gas,Light,19
U1607,7,7,1,Gas,Moderate,9
U1608,2,2,1,Gas,Heavy,29
U1609,6,6,1,Gas,Moderate,25
U1610,5,5,1,Solar,Moderate,3
U1611,3,3,1,Gas,Heavy,5
U1612,7,7,1,Electric,Light,23
U1613,3,3,2,Electric,Moderate,13
U1614,6,6,1,Gas,Moderate,8
U1615,6,6,2,Electric,Moderate,0
U1616,3,3,1,Electric,Light,16
U1617,7,7,1,Gas,Moderate,12
U1618,3,3,1,Gas,Moderate,23
U1619,2,2,1,Gas,Light,26
U1620,4,4,1,Solar,Moderate,6
U1621,7,7,1,Solar,Light,8
U1622,7,7,1,Electric,Heavy,10
U1623,5,5,1,Gas,Moderate,2
U1624,1,1,1,Gas,Heavy,25
U1625,4,4,3,Gas,Moderate,11
U1626,6,6,2,Gas,Light,20
U1627,7,7,2,Gas,Light,2
U1628,3,3,1,Solar,Light,14
U1629,4,4,2,Solar,Light,20
U1630,5,5,2,Electric,Moderate,9
U1631,6,6,1,Gas,Light,0
U1632,1,1,3,Gas,Moderate,13
U1633,1,1,1,Gas,Moderate,26
U1634,5,5,2,Electric,Moderate,19
U1635,5,5,2,Electric,Moderate,5
U1636,3,3,1,Gas,Moderate,1
U1637,7,7,1,Gas,Heavy,28
U1638,1,1,3,Gas,Light,22
U1639,6,6,1,Gas,Moderate,7
U1640,4,4,1,Gas,Moderate,0
U1641,6,6,3,Gas,Moderate,28
U1642,2,2,1,Gas,Moderate,3
U1643,2,2,1,Electric,Moderate,26
U1644,5,5,1,Gas,Moderate,3
U1645,3,3,1,Gas,Moderate,28
U1646,2,2,1,Gas,Heavy,4
U1647,1,1,1,Gas,Heavy,29
U1648,6,6,1,Gas,Moderate,27
U1649,6,6,1,Gas,Light,27
U1650,5,5,2,Gas,Heavy,19
U1651,7,7,1,Gas,Heavy,8
U1652,7,7,1,Electric,Light,22
U1653,4,4,1,Gas,Moderate,12
U1654,5,5,1,Electric,Heavy,17
U1655,4,4,1,Gas,Moderate,16
U1656,7,7,1,Gas,Light,24
U1657,5,5,2,Gas,Moderate,0
U1658,5,5,1,Gas,Heavy,21
U1659,5,5,1,Solar,Heavy,14
U1660,7,7,1,Electric,Moderate,1
U1661,4,4,1,Solar,Moderate,15
U1662,4,4,1,Solar,Light,19
U1663,5,5,1,Gas,Heavy,21
U1664,2,2,1,Gas,Light,4
U1665,3,3,2,Gas,Heavy,26
U1666,7,7,1,Solar,Moderate,21
U1667,3,3,1,Electric,Heavy,18
U1668,3,3,1,Gas,Light,4
U1669,4,4,1,Electric,Moderate,1
U1670,4,4,1,Gas,Light,6
U1671,2,2,1,Gas,Moderate,2
U1672,3,3,1,Gas,Heavy,16
U1673,3,3,1,Electric,Moderate,29
U1674,5,5,1,Electric,Moderate,23
U1675,4,4,1,Gas,Light,23
U1676,3,3,1,Gas,Heavy,2
U1677,6,6,1,Gas,Moderate,12
U1678,2,2,1,Electric,Moderate,6
U1679,6,6,2,Gas,Moderate,24
U1680,6,6,1,Gas,Moderate,23
U1681,7,7,2,Gas,Moderate,2
U1682,7,7,1,Gas,Moderate,14
U1683,2,2,1,Gas,Moderate,28
U1684,6,6,1,Electric,Heavy,17
U1685,3,3,1,Gas,Heavy,28
U1686,4,4,1,Electric,Light,9
U1687,2,2,2,Gas,Moderate,22
U1688,5,5,1,Gas,Light,6
U1689,6,6,2,Gas,Light,8
U1690,2,2,1,Electric,Moderate,4
U1691,1,1,2,Solar,Heavy,19
U1692,1,1,1,Solar,Light,7
U1693,7,7,2,Gas,Moderate,13
U1694,4,4,1,Gas,Heavy,3
U1695,3,3,1,Electric,Heavy,19
U1696,4,4,1,Electric,Moderate,27
U1697,4,4,2,Gas,Moderate,13
U1698,4,4,1,Electric,Moderate,11
U1699,4,4,2,Gas,Light,1
U1700,5,5,1,Gas,Light,12
U1701,5,5,2,Gas,Light,0
U1702,7,7,2,Gas,Moderate,19
U1703,2,2,2,Gas,Heavy,6
U1704,1,1,1,Gas,Moderate,27
U1705,4,4,1,Gas,Moderate,24
U1706,7,7,3,Gas,Moderate,8
U1707,2,2,1,Gas,Light,27
U1708,1,1,1,Electric,Moderate,25
U1709,6,6,1,Gas,Heavy,16
U1710,3,3,2,Gas,Light,20
U1711,5,5,1,Gas,Light,22
U1712,6,6,1,Solar,Moderate,12
U1713,1,1,2,Gas,Moderate,22
U1714,6,6,1,Gas,Moderate,9
U1715,3,3,2,Gas,Moderate,15
U1716,7,7,1,Electric,Moderate,5
U1717,1,1,1,Gas,Light,15
U1718,6,6,1,Gas,Moderate,10
U1719,5,5,1,Gas,Moderate,25
U1720,5,5,2,Gas,Heavy,19
U1721,2,2,1,Electric,Heavy,2
U1722,6,6,1,Electric,Heavy,27
U1723,4,4,1,Gas,Moderate,28
U1724,6,6,1,Electric,Moderate,8
U1725,7,7,1,Gas,Moderate,14
U1726,1,1,1,Gas,Heavy,27
U1727,1,1,1,Electric,Light,12
U1728,7,7,2,Gas,Moderate,9
U1729,6,6,1,Electric,Moderate,19
U1730,7,7,1,Gas,Moderate,23
U1731,3,3,1,Gas,Light,12
U1732,7,7,2,Gas,Moderate,16
U1733,5,5,1,Gas,Moderate,6
U1734,7,7,1,Electric,Moderate,27
U1735,1,1,1,Gas,Moderate,5
U1736,5,5,3,Electric,Moderate,12
U1737,1,1,1,Gas,Heavy,27
U1738,2,2,2,Gas,Moderate,16
U1739,4,4,1,Solar,Moderate,14
U1740,1,1,1,Electric,Light,3
U1741,5,5,2,Gas,Light,27
U1742,2,2,1,Electric,Moderate,14
U1743,1,1,2,Gas,Moderate,13
U1744,3,3,2,Gas,Moderate,20
U1745,7,7,2,Gas,Light,10
U1746,4,4,1,Solar,Heavy,23
U1747,1,1,2,Gas,Moderate,3
U1748,2,2,1,Electric,Light,2
U1749,3,3,2,Gas,Moderate,1
U1750,6,6,1,Electric,Heavy,19
U1751,2,2,2,Gas,Moderate,26
U1752,7,7,1,Electric,Moderate,9
U1753,2,2,1,Gas,Moderate,29
U1754,3,3,1,Electric,Light,12
U1755,2,2,2,Solar,Moderate,19
U1756,3,3,1,Electric,Light,28
U1757,1,1,1,Gas,Moderate,25
U1758,3,3,2,Solar,Light,20
U1759,3,3,1,Gas,Heavy,28
U1760,4,4,1,Electric,Moderate,22
U1761,3,3,1,Electric,Light,24
U1762,3,3,1,Gas,Moderate,17
U1763,6,6,1,Gas,Light,20
U1764,1,1,1,Gas,Moderate,15
U1765,7,7,1,Gas,Moderate,10
U1766,4,4,1,Gas,Light,9
U1767,6,6,2,Gas,Light,8
U1768,5,5,1,Gas,Moderate,11
U1769,1,1,1,Gas,Light,29
U1770,1,1,2,Gas,Moderate,28
U1771,5,5,1,Gas,Moderate,18
U1772,7,7,1,Electric,Moderate,0
U1773,3,3,2,Gas,Moderate,17
U1774,6,6,2,Electric,Moderate,13
U1775,2,2,2,Gas,Heavy,21
U1776,4,4,2,Gas,Light,20
U1777,2,2,2,Electric,Light,0
U1778,5,5,1,Gas,Light,16
U1779,1,1,2,Gas,Light,10
U1780,7,7,1,Gas,Light,19
U1781,1,1,2,Gas,Moderate,27
U1782,4,4,1,Gas,Moderate,14
U1783,1,1,1,Gas,Heavy,3
U1784,1,1,1,Gas,Light,14
U1785,4,4,2,Gas,Moderate,21
U1786,6,6,1,Gas,Heavy,21
U1787,6,6,2,Gas,Heavy,25
U1788,4,4,2,Gas,Moderate,13
U1789,7,7,1,Gas,Moderate,21
U1790,5,5,2,Solar,Heavy,0
U1791,1,1,2,Gas,Moderate,25
U1792,7,7,1,Gas,Light,8
U1793,1,1,1,Gas,Heavy,26
U1794,5,5,1,Solar,Moderate,6
U1795,6,6,1,Gas,Light,22
U1796,7,7,1,Solar,Moderate,10
U1797,3,3,2,Gas,Moderate,22
U1798,3,3,1,Gas,Heavy,1
U1799,3,3,2,Electric,Light,1
U1800,6,6,1,Gas,Heavy,5
U1801,6,6,1,Gas,Moderate,22
U1802,5,5,2,Electric,Moderate,18
U1803,1,1,2,Solar,Light,28
U1804,5,5,1,Gas,Moderate,19
U1805,5,5,1,Gas,Heavy,13
U1806,6,6,1,Electric,Moderate,27
U1807,3,3,1,Electric,Light,2
U1808,2,2,1,Electric,Moderate,6
U1809,1,1,1,Electric,Moderate,6
U1810,6,6,1,Gas,Light,3
U1811,3,3,2,Solar,Moderate,28
U1812,7,7,1,Gas,Moderate,22
U1813,2,2,1,Gas,Moderate,4
U1814,2,2,1,Gas,Moderate,16
U1815,6,6,2,Gas,Light,25
U1816,4,4,2,Gas,Moderate,3
U1817,1,1,1,Electric,Moderate,22
U1818,2,2,2,Gas,Moderate,12
U1819,6,6,1,Gas,Moderate,15
U1820,6,6,1,Electric,Light,15
U1821,3,3,1,Gas,Heavy,1
U1822,7,7,1,Gas,Moderate,17
U1823,4,4,2,Gas,Moderate,0
U1824,1,1,2,Solar,Moderate,17
U1825,5,5,1,Gas,Moderate,25
U1826,7,7,1,Gas,Light,29
U1827,7,7,1,Gas,Light,7
U1828,3,3,1,Gas,Light,10
U1829,2,2,1,Gas,Moderate,23
U1830,2,2,1,Gas,Light,23
U1831,3,3,1,Gas,Light,14
U1832,6,6,1,Solar,Moderate,15
U1833,2,2,1,Gas,Light,16
U1834,4,4,1,Gas,Moderate,16
U1835,1,1,2,Gas,Moderate,11
U1836,7,7,1,Gas,Light,9
U1837,7,7,3,Electric,Moderate,19
U1838,4,4,1,Gas,Light,5
U1839,2,2,2,Gas,Heavy,7
U1840,7,7,2,Electric,Moderate,12
U1841,5,5,1,Gas,Light,1
U1842,1,1,1,Gas,Light,28
U1843,1,1,2,Gas,Moderate,18
U1844,7,7,1,Gas,Light,21
U1845,3,3,1,Gas,Light,9
U1846,7,7,1,Gas,Moderate,3
U1847,3,3,1,Gas,Heavy,11
U1848,7,7,1,Electric,Moderate,17
U1849,5,5,2,Gas,Moderate,6
U1850,6,6,1,Gas,Heavy,19
U1851,1,1,1,Gas,Light,23
U1852,7,7,2,Gas,Heavy,23
U1853,5,5,1,Gas,Moderate,22
U1854,3,3,3,Solar,Moderate,25
U1855,3,3,1,Electric,Heavy,24
U1856,1,1,1,Solar,Light,3
U1857,4,4,2,Electric,Light,6
U1858,7,7,1,Gas,Moderate,9
U1859,2,2,2,Gas,Moderate,25
U1860,3,3,3,Gas,Moderate,14
U1861,6,6,2,Gas,Light,11
U1862,6,6,1,Solar,Moderate,0
U1863,3,3,2,Gas,Moderate,19
U1864,4,4,1,Electric,Moderate,17
U1865,4,4,1,Gas,Heavy,24
U1866,5,5,2,Electric,Moderate,15
U1867,6,6,1,Solar,Light,4
U1868,5,5,2,Electric,Moderate,18
U1869,6,6,2,Electric,Moderate,3
U1870,7,7,2,Gas,Light,5
U1871,7,7,1,Electric,Light,25
U1872,2,2,2,Solar,Heavy,16
U1873,7,7,1,Electric,Heavy,6
U1874,2,2,2,Gas,Moderate,23
U1875,7,7,1,Gas,Light,22
U1876,1,1,1,Electric,Heavy,6
U1877,7,7,1,Gas,Heavy,8
U1878,5,5,1,Electric,Moderate,12
U1879,3,3,1,Gas,Heavy,19
U1880,5,5,2,Gas,Heavy,13
U1881,3,3,1,Gas,Heavy,15
U1882,4,4,1,Gas,Heavy,22
U1883,5,5,1,Gas,Moderate,8
U1884,4,4,1,Gas,Moderate,14
U1885,2,2,1,Gas,Moderate,4
U1886,2,2,1,Gas,Moderate,17
U1887,1,1,1,Gas,Moderate,20
U1888,7,7,1,Electric,Heavy,19
U1889,5,5,1,Solar,Moderate,7
U1890,4,4,1,Electric,Moderate,14
U1891,3,3,1,Solar,Moderate,20
U1892,2,2,2,Electric,Moderate,24
U1893,7,7,2,Gas,Moderate,8
U1894,2,2,1,Electric,Light,18
U1895,3,3,3,Electric,Moderate,28
U1896,7,7,1,Gas,Light,25
U1897,7,7,1,Gas,Light,21
U1898,4,4,3,Electric,Moderate,5
U1899,4,4,1,Gas,Light,3
U1900,5,5,2,Gas,Moderate,10
U1901,5,5,1,Gas,Light,28
U1902,6,6,1,Gas,Light,9
U1903,6,6,1,Gas,Moderate,2
U1904,1,1,2,Gas,Moderate,0
U1905,2,2,1,Gas,Heavy,11
U1906,5,5,2,Gas,Moderate,22
U1907,4,4,1,Electric,Light,14
U1908,3,3,1,Electric,Moderate,14
U1909,4,4,1,Gas,Moderate,20
U1910,2,2,1,Electric,Moderate,13
U1911,6,6,2,Gas,Heavy,25
U1912,4,4,1,Gas,Moderate,6
U1913,1,1,2,Gas,Moderate,16
U1914,2,2,2,Gas,Moderate,23
U1915,6,6,1,Gas,Heavy,18
U1916,3,3,1,Gas,Moderate,6
U1917,6,6,1,Electric,Light,27
U1918,7,7,1,Electric,Moderate,2
U1919,1,1,1,Gas,Moderate,29
U1920,2,2,1,Gas,Heavy,2
U1921,3,3,1,Gas,Moderate,25
U1922,1,1,1,Gas,Light,24
U1923,6,6,1,Electric,Heavy,28
U1924,1,1,1,Gas,Heavy,17
U1925,2,2,1,Electric,Light,29
U1926,5,5,2,Electric,Heavy,19
U1927,1,1,1,Gas,Moderate,21
U1928,7,7,1,Solar,Moderate,13
U1929,1,1,2,Gas,Heavy,2
U1930,6,6,1,Gas,Moderate,27
U1931,6,6,1,Gas,Light,25
U1932,3,3,1,Gas,Moderate,29
U1933,6,6,1,Gas,Moderate,25
U1934,4,4,1,Gas,Light,6
U1935,2,2,1,Electric,Moderate,6
U1936,2,2,1,Solar,Moderate,4
U1937,5,5,1,Electric,Moderate,2
U1938,5,5,2,Gas,Moderate,17
U1939,2,2,2,Electric,Heavy,14
U1940,7,7,1,Gas,Moderate,19
U1941,5,5,2,Electric,Moderate,13
U1942,3,3,1,Electric,Light,28
U1943,6,6,1,Electric,Moderate,3
U1944,2,2,2,Gas,Heavy,26
U1945,5,5,1,Electric,Moderate,23
U1946,2,2,1,Gas,Moderate,7
U1947,4,4,1,Solar,Moderate,28
U1948,1,1,1,Gas,Moderate,20
U1949,6,6,2,Gas,Light,12
U1950,2,2,2,Gas,Heavy,21
U1951,1,1,2,Electric,Light,7
U1952,5,5,2,Gas,Moderate,14
U1953,1,1,1,Gas,Moderate,16
U1954,6,6,1,Solar,Moderate,4
U1955,2,2,1,Solar,Light,19
U1956,4,4,1,Gas,Moderate,3
U1957,7,7,1,Gas,Light,10
U1958,5,5,3,Electric,Light,17
U1959,2,2,1,Solar,Moderate,9
U1960,6,6,1,Gas,Moderate,16
U1961,5,5,1,Gas,Light,29
U1962,3,3,1,Gas,Light,14
U1963,1,1,2,Electric,Heavy,5
U1964,7,7,1,Gas,Heavy,22
U1965,6,6,1,Gas,Light,20
U1966,3,3,2,Gas,Moderate,15
U1967,2,2,1,Solar,Moderate,14
U1968,4,4,1,Gas,Moderate,7
U1969,5,5,1,Gas,Heavy,8
U1970,1,1,2,Gas,Light,10
U1971,5,5,1,Electric,Moderate,26
U1972,7,7,2,Gas,Moderate,1
U1973,2,2,2,Electric,Moderate,26
U1974,5,5,1,Gas,Moderate,12
U1975,1,1,3,Solar,Heavy,3
U1976,2,2,2,Gas,Light,26
U1977,5,5,2,Gas,Light,8
U1978,4,4,2,Gas,Light,4
U1979,6,6,1,Electric,Heavy,18
U1980,2,2,1,Gas,Moderate,21
U1981,6,6,1,Electric,Moderate,2
U1982,2,2,1,Electric,Light,29
U1983,4,4,1,Gas,Heavy,20
U1984,6,6,2,Solar,Heavy,2
U1985,3,3,2,Gas,Moderate,5
U1986,1,1,1,Electric,Moderate,27
U1987,3,3,2,Gas,Light,9
U1988,5,5,2,Gas,Moderate,4
U1989,4,4,1,Electric,Moderate,29
U1990,3,3,1,Gas,Light,24
U1991,2,2,1,Gas,Moderate,2
U1992,5,5,2,Gas,Light,21
U1993,5,5,1,Gas,Moderate,23
U1994,3,3,1,Electric,Moderate,6
U1995,3,3,1,Gas,Light,21
U1996,4,4,2,Solar,Moderate,29
U1997,1,1,2,Gas,Moderate,17
U1998,3,3,2,Gas,Light,22
U1999,7,7,3,Electric,Heavy,7
U2000,3,3,2,Gas,Light,0
U2001,6,6,2,Solar,Moderate,24
U2002,2,2,2,Electric,Light,3
U2003,7,7,2,Gas,Light,23
U2004,7,7,1,Gas,Light,25
U2005,6,6,1,Gas,Light,6
U2006,6,6,1,Gas,Moderate,13
U2007,5,5,1,Electric,Light,12
U2008,1,1,1,Gas,Moderate,9
U2009,2,2,1,Gas,Light,22
U2010,4,4,3,Gas,Light,17
U2011,7,7,2,Gas,Moderate,0
U2012,4,4,2,Gas,Heavy,3
U2013,3,3,1,Electric,Moderate,27
U2014,3,3,1,Electric,Moderate,15
U2015,4,4,1,Electric,Light,15
U2016,3,3,1,Electric,Heavy,17
U2017,1,1,1,Gas,Light,7
U2018,6,6,1,Electric,Light,9
U2019,3,3,2,Gas,Moderate,15
U2020,5,5,2,Gas,Moderate,22
U2021,3,3,1,Gas,Heavy,23
U2022,2,2,1,Gas,Light,10
U2023,1,1,1,Electric,Heavy,5
U2024,2,2,1,Gas,Moderate,0
U2025,2,2,2,Electric,Moderate,29
U2026,5,5,1,Gas,Light,28
U2027,1,1,1,Gas,Light,28
U2028,1,1,1,Electric,Heavy,11
U2029,1,1,1,Gas,Moderate,24
U2030,1,1,1,Gas,Moderate,5
U2031,1,1,2,Gas,Heavy,27
U2032,5,5,1,Gas,Light,12
U2033,3,3,1,Electric,Moderate,25
U2034,2,2,1,Gas,Moderate,16
U2035,1,1,1,Solar,Light,0
U2036,7,7,2,Electric,Light,7
U2037,3,3,1,Electric,Moderate,21
U2038,3,3,1,Electric,Moderate,7
U2039,2,2,1,Gas,Moderate,23
U2040,5,5,1,Electric,Light,10
U2041,4,4,1,Gas,Heavy,13
U2042,4,4,1,Gas,Light,23
U2043,3,3,1,Solar,Moderate,9
U2044,6,6,2,Gas,Moderate,14
U2045,6,6,1,Gas,Light,6
U2046,2,2,2,Gas,Light,6
U2047,4,4,1,Gas,Moderate,9
U2048,3,3,2,Gas,Heavy,3
U2049,5,5,2,Gas,Light,24
U2050,4,4,1,Gas,Moderate,27
U2051,3,3,2,Gas,Moderate,17
U2052,3,3,1,Gas,Light,26
U2053,1,1,2,Gas,Moderate,24
U2054,5,5,1,Electric,Heavy,9
U2055,1,1,1,Gas,Moderate,18
U2056,2,2,1,Electric,Heavy,13
U2057,1,1,3,Solar,Light,12
U2058,7,7,1,Electric,Moderate,14
U2059,1,1,1,Electric,Moderate,15
U2060,7,7,2,Solar,Moderate,1
U2061,4,4,2,Gas,Moderate,28
U2062,6,6,1,Electric,Light,3
U2063,3,3,1,Electric,Moderate,20
U2064,7,7,1,Gas,Moderate,17
U2065,5,5,1,Gas,Light,28
U2066,1,1,1,Solar,Heavy,16
U2067,7,7,2,Electric,Moderate,9
U2068,5,5,1,Gas,Moderate,26
U2069,6,6,1,Gas,Light,20
U2070,6,6,1,Electric,Light,8
U2071,1,1,1,Gas,Moderate,14
U2072,2,2,1,Gas,Moderate,27
U2073,1,1,1,Electric,Moderate,11
U2074,4,4,1,Gas,Moderate,20
U2075,7,7,2,Gas,Light,27
U2076,3,3,1,Electric,Moderate,26
U2077,2,2,3,Electric,Moderate,25
U2078,1,1,2,Gas,Moderate,8
U2079,5,5,1,Gas,Light,13
U2080,2,2,2,Gas,Light,12
U2081,7,7,1,Solar,Moderate,27
U2082,2,2,1,Gas,Light,25
U2083,7,7,2,Gas,Light,5
U2084,1,1,1,Gas,Light,18
U2085,7,7,1,Electric,Moderate,3
U2086,2,2,2,Gas,Moderate,19
U2087,5,5,1,Gas,Moderate,16
U2088,6,6,1,Gas,Light,18
U2089,2,2,2,Electric,Moderate,2
U2090,7,7,1,Gas,Light,28
U2091,6,6,1,Gas,Heavy,13
U2092,7,7,1,Gas,Moderate,16
U2093,5,5,1,Electric,Moderate,12
U2094,7,7,1,Gas,Light,8
U2095,1,1,3,Gas,Light,26
U2096,3,3,1,Gas,Moderate,0
U2097,2,2,1,Solar,Moderate,24
U2098,3,3,2,Gas,Light,16
U2099,7,7,2,Solar,Heavy,15
U2100,5,5,1,Electric,Heavy,17
U2101,2,2,1,Gas,Moderate,1
U2102,7,7,1,Electric,Heavy,13
U2103,6,6,1,Gas,Light,21
U2104,4,4,1,Gas,Light,22
U2105,7,7,1,Gas,Light,26
U2106,3,3,2,Gas,Moderate,16
U2107,2,2,2,Solar,Light,2
U2108,3,3,1,Gas,Heavy,1
U2109,2,2,1,Electric,Light,7
U2110,7,7,1,Gas,Moderate,24
U2111,1,1,1,Gas,Heavy,28
U2112,6,6,1,Electric,Light,1
U2113,7,7,2,Gas,Light,1
U2114,3,3,1,Electric,Moderate,25
U2115,4,4,1,Gas,Light,8
U2116,4,4,2,Gas,Light,29
U2117,5,5,1,Electric,Light,19
U2118,2,2,1,Gas,Moderate,20
U2119,3,3,1,Gas,Heavy,28
U2120,5,5,1,Solar,Heavy,26
U2121,3,3,2,Electric,Light,24
U2122,2,2,1,Solar,Moderate,5
U2123,7,7,1,Electric,Moderate,25
U2124,7,7,1,Electric,Heavy,11
U2125,4,4,3,Gas,Light,24
U2126,7,7,1,Gas,Moderate,8
U2127,7,7,1,Electric,Moderate,6
U2128,1,1,1,Gas,Heavy,29
U2129,4,4,1,Gas,Light,11
U2130,5,5,1,Gas,Light,25
U2131,6,6,1,Gas,Light,24
U2132,1,1,1,Solar,Light,4
U2133,5,5,1,Electric,Moderate,15
U2134,2,2,2,Gas,Moderate,4
U2135,1,1,1,Gas,Moderate,11
U2136,5,5,1,Electric,Light,23
U2137,2,2,1,Gas,Light,25
U2138,4,4,3,Solar,Light,19
U2139,6,6,1,Gas,Light,8
U2140,2,2,2,Gas,Moderate,22
U2141,7,7,2,Gas,Light,6
U2142,3,3,1,Solar,Light,28
U2143,2,2,3,Electric,Moderate,18
U2144,2,2,1,Electric,Moderate,19
U2145,6,6,1,Gas,Moderate,22
U2146,3,3,2,Electric,Heavy,10
U2147,7,7,2,Electric,Light,26
U2148,5,5,1,Gas,Moderate,29
U2149,5,5,1,Gas,Moderate,20
U2150,2,2,1,Gas,Moderate,11
U2151,3,3,2,Gas,Heavy,2
U2152,3,3,1,Gas,Light,16
U2153,7,7,1,Gas,Moderate,6
U2154,6,6,1,Gas,Light,21
U2155,4,4,1,Gas,Moderate,9
U2156,5,5,2,Gas,Moderate,22
U2157,6,6,1,Electric,Heavy,14
U2158,1,1,3,Gas,Heavy,29
U2159,5,5,1,Gas,Moderate,1
U2160,6,6,2,Gas,Light,12
U2161,5,5,1,Electric,Moderate,27
U2162,4,4,1,Gas,Moderate,3
U2163,1,1,1,Electric,Light,17
U2164,4,4,1,Gas,Moderate,23
U2165,7,7,1,Electric,Heavy,22
U2166,1,1,3,Gas,Moderate,0
U2167,2,2,1,Electric,Moderate,1
U2168,6,6,1,Gas,Heavy,1
U2169,1,1,1,Gas,Light,3
U2170,7,7,1,Gas,Light,2
U2171,7,7,1,Gas,Moderate,16
U2172,4,4,2,Solar,Moderate,27
U2173,5,5,2,Electric,Moderate,13
U2174,1,1,1,Gas,Light,1
U2175,6,6,1,Gas,Light,15
U2176,1,1,1,Solar,Light,10
U2177,3,3,1,Gas,Heavy,24
U2178,5,5,1,Electric,Moderate,12
U2179,6,6,1,Solar,Moderate,0
U2180,6,6,1,Electric,Light,24
U2181,2,2,1,Gas,Light,22
U2182,4,4,2,Gas,Moderate,1
U2183,2,2,1,Gas,Light,1
U2184,6,6,1,Electric,Moderate,20
U2185,5,5,1,Gas,Moderate,28
U2186,1,1,1,Gas,Moderate,4
U2187,1,1,2,Gas,Moderate,3
U2188,5,5,2,Gas,Moderate,11
U2189,6,6,2,Electric,Light,25
U2190,7,7,1,Gas,Moderate,25
U2191,1,1,2,Gas,Moderate,28
U2192,7,7,1,Gas,Light,27
U2193,1,1,2,Solar,Heavy,2
U2194,1,1,1,Gas,Light,19
U2195,4,4,3,Electric,Light,9
U2196,4,4,2,Solar,Light,19
U2197,3,3,2,Gas,Heavy,17
U2198,2,2,1,Gas,Moderate,20
U2199,5,5,1,Solar,Moderate,20
U2200,5,5,2,Gas,Light,20
U2201,5,5,1,Gas,Moderate,26
U2202,3,3,2,Gas,Moderate,26
U2203,4,4,1,Gas,Heavy,9
U2204,6,6,1,Electric,Light,0
U2205,7,7,2,Electric,Light,5
U2206,7,7,1,Electric,Light,10
U2207,6,6,1,Gas,Heavy,1
U2208,3,3,1,Gas,Moderate,6
U2209,6,6,1,Gas,Moderate,19
U2210,5,5,2,Gas,Moderate,20
U2211,2,2,1,Electric,Heavy,20
U2212,1,1,2,Gas,Heavy,20
U2213,7,7,2,Electric,Moderate,17
U2214,4,4,1,Gas,Light,20
U2215,4,4,2,Gas,Light,18
U2216,3,3,1,Gas,Heavy,3
U2217,4,4,1,Gas,Moderate,12
U2218,5,5,3,Gas,Light,17
U2219,7,7,1,Electric,Moderate,19
U2220,6,6,1,Electric,Heavy,28
U2221,5,5,1,Electric,Moderate,24
U2222,3,3,1,Solar,Moderate,23
U2223,5,5,1,Gas,Heavy,12
U2224,6,6,2,Gas,Moderate,29
U2225,2,2,1,Gas,Light,26
U2226,3,3,1,Electric,Heavy,27
U2227,2,2,1,Gas,Heavy,18
U2228,1,1,1,Electric,Heavy,16
U2229,2,2,1,Gas,Moderate,0
U2230,1,1,1,Solar,Light,5
U2231,1,1,1,Solar,Heavy,18
U2232,2,2,1,Gas,Light,19
U2233,3,3,1,Gas,Heavy,0
U2234,6,6,1,Gas,Heavy,7
U2235,5,5,2,Gas,Moderate,16
U2236,5,5,2,Gas,Heavy,20
U2237,6,6,1,Electric,Moderate,21
U2238,7,7,2,Gas,Light,14
U2239,7,7,2,Gas,Moderate,17
U2240,1,1,1,Electric,Light,6
U2241,1,1,1,Gas,Moderate,15
U2242,3,3,2,Gas,Light,6
U2243,4,4,2,Gas,Moderate,16
U2244,2,2,1,Electric,Heavy,3
U2245,1,1,2,Gas,Heavy,11
U2246,5,5,1,Electric,Moderate,12
U2247,3,3,2,Gas,Moderate,3
U2248,2,2,2,Gas,Moderate,20
U2249,3,3,1,Gas,Heavy,0
U2250,2,2,2,Gas,Moderate,0
U2251,2,2,1,Gas,Moderate,6
U2252,6,6,1,Gas,Heavy,8
U2253,1,1,2,Gas,Moderate,0
U2254,3,3,1,Gas,Heavy,15
U2255,3,3,1,Gas,Heavy,17
U2256,6,6,1,Electric,Heavy,21
U2257,5,5,1,Gas,Light,14
U2258,5,5,1,Gas,Moderate,5
U2259,7,7,2,Electric,Heavy,1
U2260,1,1,1,Gas,Moderate,8
U2261,1,1,1,Electric,Moderate,3
U2262,4,4,1,Gas,Light,12
U2263,6,6,2,Gas,Light,22
U2264,5,5,2,Solar,Moderate,21
U2265,2,2,3,Gas,Moderate,10
U2266,3,3,2,Electric,Moderate,12
U2267,1,1,2,Gas,Moderate,10
U2268,3,3,1,Gas,Moderate,18
U2269,3,3,1,Electric,Moderate,7
U2270,4,4,1,Gas,Moderate,6
U2271,5,5,2,Electric,Moderate,24
U2272,1,1,2,Gas,Moderate,15
U2273,3,3,1,Gas,Light,2
U2274,1,1,2,Gas,Moderate,16
U2275,2,2,1,Electric,Moderate,17
U2276,4,4,1,Gas,Moderate,27
U2277,2,2,1,Gas,Moderate,26
U2278,1,1,1,Electric,Moderate,14
U2279,7,7,1,Electric,Light,27
U2280,1,1,1,Gas,Heavy,16
U2281,5,5,1,Gas,Light,10
U2282,3,3,1,Gas,Heavy,4
U2283,3,3,2,Gas,Moderate,15
U2284,2,2,2,Gas,Moderate,14
U2285,4,4,2,Electric,Light,9
U2286,7,7,1,Gas,Light,13
U2287,6,6,1,Electric,Light,1
U2288,3,3,2,Electric,Light,15
U2289,5,5,1,Gas,Moderate,18
U2290,2,2,1,Gas,Moderate,7
U2291,2,2,1,Gas,Moderate,14
U2292,6,6,1,Gas,Light,9
U2293,5,5,1,Electric,Heavy,29
U2294,4,4,1,Gas,Moderate,4
U2295,5,5,1,Gas,Light,19
U2296,4,4,1,Gas,Moderate,15
U2297,5,5,1,Gas,Light,20
U2298,5,5,1,Gas,Light,25
U2299,1,1,1,Gas,Moderate,21
U2300,2,2,1,Gas,Moderate,11
U2301,5,5,1,Gas,Heavy,22
U2302,6,6,1,Electric,Moderate,29
U2303,5,5,1,Electric,Heavy,12
U2304,3,3,1,Gas,Heavy,8
U2305,2,2,1,Gas,Heavy,16
U2306,3,3,2,Gas,Moderate,19
U2307,2,2,1,Gas,Light,27
U2308,3,3,1,Gas,Light,11
U2309,5,5,1,Gas,Moderate,24
U2310,5,5,1,Gas,Moderate,4
U2311,1,1,1,Gas,Light,23
U2312,6,6,1,Gas,Moderate,11
U2313,3,3,2,Gas,Light,0
U2314,4,4,1,Electric,Moderate,19
U2315,1,1,1,Gas,Light,27
U2316,3,3,1,Gas,Moderate,15
U2317,3,3,2,Gas,Moderate,29
U2318,1,1,1,Electric,Light,11
U2319,5,5,3,Electric,Moderate,8
U2320,3,3,1,Electric,Moderate,12
U2321,5,5,3,Gas,Light,16
U2322,1,1,2,Gas,Light,16
U2323,5,5,1,Electric,Moderate,3
U2324,2,2,1,Gas,Moderate,13
U2325,4,4,1,Gas,Moderate,18
U2326,7,7,1,Electric,Light,6
U2327,3,3,2,Gas,Moderate,26
U2328,6,6,1,Gas,Light,2
U2329,4,4,1,Gas,Heavy,0
U2330,7,7,1,Gas,Moderate,11
U2331,5,5,2,Gas,Heavy,14
U2332,3,3,1,Electric,Moderate,10
U2333,5,5,1,Electric,Moderate,9
U2334,2,2,1,Gas,Moderate,1
U2335,1,1,2,Electric,Moderate,25
U2336,3,3,1,Gas,Moderate,28
U2337,7,7,1,Gas,Moderate,3
U2338,7,7,1,Electric,Moderate,16
U2339,2,2,1,Electric,Moderate,16
U2340,2,2,1,Gas,Moderate,27
U2341,3,3,2,Electric,Heavy,29
U2342,5,5,2,Electric,Moderate,7
U2343,6,6,1,Electric,Moderate,22
U2344,7,7,2,Gas,Moderate,13
U2345,7,7,1,Electric,Moderate,23
U2346,2,2,2,Solar,Heavy,28
U2347,4,4,2,Electric,Heavy,3
U2348,2,2,1,Gas,Moderate,5
U2349,6,6,2,Gas,Moderate,28
U2350,5,5,1,Gas,Moderate,18
U2351,5,5,1,Gas,Moderate,26
U2352,4,4,1,Solar,Heavy,28
U2353,7,7,1,Gas,Light,23
U2354,2,2,2,Gas,Light,3
U2355,5,5,2,Solar,Light,2
U2356,6,6,1,Gas,Moderate,19
U2357,3,3,2,Gas,Heavy,5
U2358,1,1,2,Gas,Light,26
U2359,1,1,1,Gas,Moderate,22
U2360,1,1,1,Gas,Moderate,6
U2361,7,7,1,Solar,Moderate,13
U2362,2,2,1,Gas,Moderate,11
U2363,4,4,2,Gas,Heavy,15
U2364,5,5,1,Gas,Light,19
U2365,3,3,2,Gas,Moderate,7
U2366,6,6,1,Gas,Light,22
U2367,3,3,1,Gas,Moderate,1
U2368,6,6,1,Gas,Heavy,12
U2369,7,7,1,Electric,Light,7
U2370,2,2,1,Gas,Light,24
U2371,1,1,1,Gas,Moderate,20
U2372,2,2,1,Electric,Moderate,19
U2373,7,7,1,Gas,Moderate,15
U2374,4,4,1,Gas,Light,3
U2375,4,4,2,Gas,Light,28
U2376,7,7,1,Gas,Moderate,15
U2377,6,6,1,Gas,Light,19
U2378,5,5,1,Gas,Heavy,5
U2379,5,5,1,Gas,Light,26
U2380,6,6,2,Gas,Moderate,3
U2381,4,4,1,Gas,Light,15
U2382,4,4,1,Gas,Light,22
U2383,4,4,2,Electric,Moderate,22
U2384,2,2,1,Solar,Moderate,20
U2385,4,4,1,Electric,Light,12
U2386,3,3,1,Gas,Light,4
U2387,1,1,1,Gas,Light,14
U2388,4,4,1,Gas,Moderate,25
U2389,6,6,1,Gas,Moderate,7
U2390,1,1,2,Gas,Light,6
U2391,2,2,2,Electric,Moderate,13
U2392,6,6,1,Gas,Moderate,6
U2393,1,1,1,Gas,Heavy,21
U2394,6,6,2,Solar,Heavy,6
U2395,2,2,1,Gas,Moderate,22
U2396,3,3,2,Gas,Light,25
U2397,2,2,2,Gas,Light,29
U2398,2,2,2,Gas,Moderate,17
U2399,6,6,1,Gas,Heavy,29
U2400,7,7,1,Gas,Moderate,9
U2401,5,5,1,Gas,Moderate,17
U2402,4,4,2,Electric,Moderate,13
U2403,4,4,1,Electric,Moderate,9
U2404,3,3,2,Solar,Light,6
U2405,3,3,1,Electric,Moderate,29
U2406,4,4,1,Gas,Light,25
U2407,5,5,1,Gas,Light,6
U2408,4,4,1,Gas,Moderate,6
U2409,7,7,1,Gas,Light,4
U2410,5,5,1,Electric,Light,0
U2411,3,3,3,Electric,Light,13
U2412,1,1,1,Gas,Heavy,17
U2413,6,6,1,Gas,Moderate,12
U2414,7,7,1,Gas,Light,24
U2415,7,7,2,Solar,Moderate,7
U2416,3,3,2,Gas,Light,7
U2417,3,3,1,Electric,Moderate,9
U2418,2,2,2,Electric,Moderate,16
U2419,7,7,2,Solar,Heavy,5
U2420,2,2,1,Electric,Moderate,14
U2421,2,2,1,Electric,Heavy,14
U2422,6,6,1,Gas,Heavy,24
U2423,2,2,1,Gas,Heavy,15
U2424,5,5,2,Gas,Moderate,7
U2425,4,4,1,Gas,Moderate,18
U2426,1,1,2,Solar,Moderate,19
U2427,3,3,1,Gas,Light,14
U2428,5,5,1,Electric,Light,2
U2429,1,1,1,Gas,Moderate,5
U2430,7,7,1,Gas,Moderate,29
U2431,7,7,2,Solar,Heavy,24
U2432,7,7,2,Gas,Light,7
U2433,5,5,1,Gas,Light,15
U2434,5,5,1,Gas,Moderate,14
U2435,3,3,1,Electric,Moderate,12
U2436,4,4,1,Gas,Light,25
U2437,2,2,1,Gas,Heavy,19
U2438,7,7,1,Gas,Moderate,14
U2439,6,6,1,Electric,Moderate,17
U2440,4,4,2,Electric,Heavy,12
U2441,6,6,1,Gas,Moderate,23
U2442,3,3,1,Gas,Moderate,7
U2443,3,3,1,Electric,Heavy,13
U2444,3,3,1,Gas,Light,27
U2445,1,1,1,Gas,Moderate,10
U2446,6,6,2,Gas,Light,5
U2447,4,4,2,Electric,Light,29
U2448,4,4,1,Gas,Heavy,23
U2449,5,5,1,Gas,Moderate,24
U2450,5,5,1,Electric,Moderate,28
U2451,7,7,2,Gas,Heavy,0
U2452,5,5,1,Gas,Heavy,24
U2453,3,3,1,Gas,Heavy,1
U2454,4,4,1,Electric,Moderate,29
U2455,6,6,1,Solar,Moderate,12
U2456,3,3,1,Gas,Light,0
U2457,1,1,2,Gas,Moderate,23
U2458,5,5,1,Gas,Moderate,23
U2459,3,3,1,Electric,Moderate,26
U2460,3,3,1,Electric,Moderate,3
U2461,1,1,2,Gas,Heavy,23
U2462,2,2,3,Gas,Moderate,22
U2463,4,4,1,Electric,Moderate,28
U2464,6,6,2,Gas,Moderate,1
U2465,7,7,1,Gas,Light,20
U2466,2,2,1,Gas,Light,29
U2467,5,5,1,Gas,Moderate,25
U2468,3,3,1,Gas,Light,19
U2469,1,1,1,Electric,Moderate,15
U2470,1,1,1,Gas,Moderate,2
U2471,4,4,1,Gas,Light,16
U2472,2,2,2,Gas,Light,4
U2473,7,7,1,Gas,Moderate,25
U2474,4,4,1,Gas,Moderate,7
U2475,3,3,1,Gas,Moderate,11
U2476,4,4,2,Electric,Moderate,24
U2477,6,6,1,Gas,Moderate,22
U2478,1,1,1,Gas,Heavy,11
U2479,1,1,3,Gas,Moderate,26
U2480,5,5,1,Gas,Heavy,0
U2481,5,5,1,Electric,Light,0
U2482,7,7,2,Gas,Moderate,14
U2483,3,3,1,Solar,Moderate,16
U2484,6,6,1,Gas,Light,1
U2485,2,2,1,Electric,Light,16
U2486,4,4,1,Gas,Moderate,19
U2487,7,7,1,Electric,Light,25
U2488,3,3,1,Gas,Light,8
U2489,5,5,1,Gas,Heavy,11
U2490,4,4,1,Electric,Heavy,3
U2491,5,5,2,Electric,Moderate,12
U2492,4,4,1,Gas,Moderate,3
U2493,2,2,1,Gas,Heavy,6
U2494,3,3,2,Gas,Moderate,13
U2495,4,4,1,Electric,Light,26
U2496,6,6,1,Gas,Heavy,8
U2497,7,7,2,Gas,Moderate,22
U2498,1,1,1,Electric,Moderate,0
U2499,6,6,1,Electric,Moderate,0
U2500,6,6,2,Gas,Moderate,19
U2501,7,7,1,Electric,Heavy,3
U2502,1,1,1,Electric,Moderate,0
U2503,6,6,1,Gas,Heavy,21
U2504,4,4,1,Gas,Heavy,9
U2505,4,4,1,Electric,Moderate,1
U2506,4,4,2,Gas,Moderate,26
U2507,1,1,1,Solar,Moderate,20
U2508,6,6,2,Gas,Light,23
U2509,1,1,1,Gas,Light,14
U2510,4,4,2,Solar,Moderate,2
U2511,7,7,2,Gas,Moderate,24
U2512,6,6,1,Gas,Light,22
U2513,6,6,1,Electric,Light,8
U2514,5,5,1,Electric,Heavy,16
U2515,5,5,1,Gas,Moderate,20
U2516,2,2,2,Gas,Heavy,27
U2517,3,3,2,Electric,Moderate,12
U2518,5,5,1,Electric,Moderate,2
U2519,1,1,1,Gas,Light,3
U2520,5,5,1,Electric,Moderate,3
U2521,2,2,1,Electric,Moderate,10
U2522,6,6,1,Gas,Light,27
U2523,2,2,2,Electric,Moderate,6
U2524,6,6,3,Gas,Moderate,25
U2525,7,7,1,Gas,Moderate,10
U2526,7,7,1,Electric,Moderate,23
U2527,6,6,1,Electric,Moderate,10
U2528,3,3,1,Electric,Moderate,9
U2529,5,5,1,Gas,Heavy,4
U2530,1,1,1,Gas,Heavy,12
U2531,1,1,2,Gas,Heavy,28
U2532,4,4,1,Gas,Moderate,11
U2533,6,6,1,Gas,Moderate,9
U2534,1,1,2,Gas,Moderate,6
U2535,3,3,2,Gas,Light,18
U2536,6,6,1,Electric,Heavy,18
U2537,3,3,1,Gas,Moderate,18
U2538,1,1,1,Gas,Light,11
U2539,1,1,2,Gas,Light,19
U2540,4,4,2,Gas,Heavy,21
U2541,1,1,1,Gas,Light,14
U2542,6,6,1,Gas,Light,4
U2543,7,7,2,Electric,Moderate,23
U2544,6,6,1,Gas,Light,29
U2545,6,6,1,Electric,Heavy,13
U2546,4,4,1,Solar,Moderate,11
U2547,4,4,1,Electric,Moderate,28
U2548,1,1,1,Gas,Heavy,20
U2549,2,2,2,Solar,Moderate,10
U2550,2,2,2,Gas,Moderate,27
U2551,4,4,1,Gas,Moderate,4
U2552,1,1,1,Electric,Moderate,15
U2553,2,2,1,Gas,Moderate,29
U2554,1,1,1,Gas,Moderate,25
U2555,1,1,1,Gas,Heavy,17
U2556,1,1,2,Gas,Moderate,11
U2557,5,5,1,Gas,Heavy,26
U2558,6,6,1,Gas,Moderate,26
U2559,1,1,1,Solar,Moderate,4
U2560,5,5,2,Solar,Heavy,15
U2561,4,4,2,Electric,Light,11
U2562,2,2,2,Gas,Moderate,22
U2563,6,6,2,Electric,Moderate,1
U2564,7,7,1,Solar,Moderate,29
U2565,2,2,1,Electric,Light,28
U2566,6,6,1,Gas,Moderate,5
U2567,7,7,1,Gas,Moderate,22
U2568,2,2,1,Gas,Moderate,20
U2569,6,6,1,Gas,Heavy,24
U2570,2,2,1,Gas,Heavy,29
U2571,2,2,1,Electric,Moderate,3
U2572,7,7,1,Gas,Heavy,29
U2573,2,2,2,Gas,Moderate,29
U2574,2,2,1,Gas,Moderate,12
U2575,7,7,1,Gas,Moderate,9
U2576,4,4,1,Gas,Moderate,16
U2577,1,1,1,Electric,Light,13
U2578,3,3,1,Gas,Moderate,23
U2579,5,5,1,Electric,Moderate,14
U2580,3,3,1,Gas,Moderate,7
U2581,3,3,1,Gas,Heavy,22
U2582,6,6,1,Gas,Moderate,23
U2583,1,1,1,Electric,Light,17
U2584,6,6,1,Gas,Moderate,2
U2585,1,1,1,Electric,Moderate,24
U2586,7,7,1,Gas,Moderate,16
U2587,7,7,1,Electric,Light,23
U2588,1,1,1,Electric,Moderate,23
U2589,2,2,1,Gas,Heavy,6
U2590,4,4,1,Electric,Moderate,12
U2591,2,2,1,Gas,Heavy,29
U2592,4,4,2,Electric,Heavy,26
U2593,6,6,2,Gas,Light,15
U2594,4,4,2,Gas,Moderate,4
U2595,6,6,1,Electric,Moderate,3
U2596,7,7,1,Electric,Light,25
U2597,3,3,1,Gas,Moderate,9
U2598,7,7,1,Electric,Moderate,12
U2599,7,7,1,Gas,Light,9
U2600,3,3,1,Gas,Heavy,13
U2601,4,4,2,Electric,Moderate,25
U2602,4,4,1,Gas,Heavy,21
U2603,6,6,2,Gas,Moderate,11
U2604,2,2,1,Electric,Heavy,26
U2605,6,6,1,Gas,Moderate,0
U2606,2,2,1,Electric,Light,28
U2607,7,7,1,Gas,Moderate,20
U2608,3,3,2,Gas,Moderate,29
U2609,7,7,1,Gas,Moderate,19
U2610,1,1,1,Gas,Moderate,19
U2611,4,4,2,Electric,Light,6
U2612,2,2,1,Gas,Moderate,8
U2613,6,6,3,Gas,Moderate,7
U2614,3,3,1,Solar,Moderate,26
U2615,2,2,1,Gas,Moderate,12
U2616,6,6,1,Electric,Heavy,13
U2617,4,4,1,Gas,Moderate,11
U2618,7,7,1,Electric,Moderate,7
U2619,4,4,1,Gas,Heavy,20
U2620,5,5,2,Electric,Moderate,21
U2621,1,1,2,Electric,Light,17
U2622,5,5,1,Gas,Light,15
U2623,3,3,1,Gas,Moderate,28
U2624,2,2,1,Electric,Light,10
U2625,3,3,1,Gas,Moderate,15
U2626,7,7,1,Gas,Light,13
U2627,6,6,1,Gas,Light,2
U2628,4,4,1,Electric,Moderate,20
U2629,5,5,1,Gas,Heavy,1
U2630,5,5,3,Gas,Moderate,2
U2631,7,7,1,Gas,Heavy,3
U2632,5,5,1,Electric,Heavy,21
U2633,7,7,1,Solar,Light,4
U2634,3,3,1,Solar,Moderate,9
U2635,4,4,1,Gas,Moderate,19
U2636,2,2,1,Electric,Heavy,28
U2637,6,6,2,Gas,Moderate,1
U2638,2,2,1,Gas,Heavy,11
U2639,3,3,1,Gas,Light,26
U2640,6,6,3,Gas,Light,4
U2641,5,5,2,Solar,Moderate,4
U2642,1,1,1,Gas,Moderate,26
U2643,3,3,1,Electric,Light,22
U2644,3,3,1,Electric,Moderate,0
U2645,4,4,1,Electric,Light,3
U2646,2,2,1,Gas,Moderate,26
U2647,3,3,1,Gas,Heavy,20
U2648,3,3,1,Electric,Heavy,23
U2649,5,5,1,Gas,Moderate,11
U2650,5,5,1,Gas,Moderate,11
U2651,6,6,1,Gas,Moderate,15
U2652,7,7,1,Gas,Light,23
U2653,7,7,1,Electric,Moderate,16
U2654,1,1,1,Gas,Light,20
U2655,7,7,1,Gas,Heavy,9
U2656,4,4,1,Gas,Heavy,16
U2657,1,1,1,Gas,Moderate,16
U2658,6,6,1,Gas,Moderate,17
U2659,5,5,1,Gas,Light,1
U2660,7,7,2,Gas,Moderate,24
U2661,2,2,2,Gas,Moderate,3
U2662,5,5,1,Gas,Moderate,18
U2663,4,4,1,Gas,Light,10
U2664,5,5,1,Gas,Heavy,16
U2665,4,4,1,Gas,Moderate,11
U2666,4,4,1,Solar,Heavy,1
U2667,4,4,3,Gas,Heavy,5
U2668,6,6,1,Gas,Heavy,8
U2669,4,4,1,Gas,Light,4
U2670,4,4,2,Solar,Light,19
U2671,2,2,2,Gas,Moderate,28
U2672,1,1,2,Electric,Light,20
U2673,3,3,1,Gas,Moderate,8
U2674,1,1,1,Solar,Moderate,27
U2675,4,4,1,Electric,Moderate,28
U2676,2,2,1,Gas,Light,22
U2677,5,5,1,Gas,Heavy,7
U2678,2,2,1,Gas,Light,19
U2679,4,4,2,Gas,Moderate,26
U2680,2,2,1,Gas,Moderate,7
U2681,7,7,1,Gas,Moderate,21
U2682,2,2,1,Gas,Moderate,20
U2683,4,4,1,Gas,Light,28
U2684,6,6,1,Gas,Moderate,27
U2685,7,7,1,Gas,Light,22
U2686,2,2,1,Gas,Light,5
U2687,3,3,2,Solar,Moderate,2
U2688,3,3,1,Gas,Moderate,4
U2689,2,2,3,Electric,Moderate,8
U2690,6,6,1,Gas,Moderate,6
U2691,5,5,1,Gas,Heavy,27
U2692,4,4,1,Gas,Heavy,3
U2693,3,3,1,Gas,Moderate,6
U2694,5,5,1,Electric,Light,4
U2695,2,2,1,Electric,Moderate,10
U2696,5,5,2,Gas,Light,28
U2697,7,7,2,Solar,Moderate,14
U2698,1,1,1,Gas,Moderate,1
U2699,3,3,2,Solar,Moderate,12
U2700,2,2,1,Solar,Moderate,21
U2701,4,4,2,Gas,Light,15
U2702,6,6,1,Gas,Moderate,6
U2703,7,7,1,Gas,Moderate,7
U2704,2,2,2,Electric,Moderate,5
U2705,4,4,1,Gas,Moderate,23
U2706,6,6,2,Solar,Moderate,6
U2707,6,6,1,Electric,Moderate,17
U2708,2,2,1,Gas,Moderate,29
U2709,7,7,1,Gas,Light,21
U2710,5,5,1,Electric,Light,24
U2711,5,5,1,Gas,Moderate,27
U2712,6,6,2,Electric,Light,21
U2713,5,5,1,Gas,Moderate,19
U2714,1,1,2,Gas,Moderate,6
U2715,6,6,2,Gas,Heavy,2
U2716,6,6,1,Electric,Heavy,4
U2717,4,4,2,Gas,Light,0
U2718,5,5,3,Electric,Heavy,14
U2719,7,7,2,Gas,Moderate,25
U2720,6,6,2,Electric,Moderate,2
U2721,7,7,3,Gas,Light,7
U2722,1,1,1,Gas,Heavy,24
U2723,4,4,1,Electric,Light,8
U2724,2,2,2,Gas,Heavy,14
U2725,7,7,1,Gas,Light,9
U2726,6,6,1,Gas,Moderate,1
U2727,1,1,1,Electric,Moderate,19
U2728,3,3,2,Solar,Light,4
U2729,1,1,1,Gas,Light,18
U2730,1,1,2,Gas,Moderate,12
U2731,4,4,1,Electric,Light,10
U2732,2,2,1,Gas,Moderate,0
U2733,3,3,1,Solar,Moderate,21
U2734,5,5,1,Gas,Heavy,29
U2735,5,5,1,Solar,Moderate,14
U2736,7,7,2,Electric,Light,25
U2737,1,1,2,Electric,Moderate,17
U2738,4,4,1,Electric,Light,15
U2739,4,4,1,Gas,Heavy,8
U2740,5,5,2,Gas,Heavy,0
U2741,7,7,2,Gas,Moderate,10
U2742,7,7,1,Gas,Light,8
U2743,7,7,1,Gas,Heavy,22
U2744,3,3,1,Electric,Heavy,10
U2745,2,2,2,Gas,Heavy,12
U2746,3,3,1,Gas,Heavy,25
U2747,6,6,1,Gas,Moderate,1
U2748,6,6,1,Electric,Light,13
U2749,2,2,2,Gas,Moderate,5
U2750,5,5,1,Gas,Moderate,7
U2751,2,2,1,Electric,Moderate,17
U2752,4,4,1,Gas,Moderate,15
U2753,6,6,1,Gas,Light,20
U2754,1,1,1,Gas,Moderate,28
U2755,1,1,2,Electric,Moderate,11
U2756,5,5,2,Gas,Light,10
U2757,4,4,2,Electric,Moderate,5
U2758,3,3,2,Gas,Heavy,2
U2759,4,4,1,Electric,Heavy,13
U2760,1,1,2,Gas,Moderate,27
U2761,1,1,1,Gas,Moderate,1
U2762,6,6,1,Gas,Light,10
U2763,4,4,3,Gas,Moderate,21
U2764,4,4,1,Gas,Moderate,2
U2765,1,1,1,Electric,Moderate,17
U2766,3,3,1,Gas,Heavy,0
U2767,5,5,1,Solar,Moderate,29
U2768,7,7,1,Electric,Light,23
U2769,5,5,2,Gas,Light,0
U2770,4,4,3,Electric,Moderate,11
U2771,5,5,1,Gas,Moderate,14
U2772,1,1,1,Gas,Heavy,4
U2773,1,1,1,Solar,Moderate,26
U2774,4,4,2,Electric,Moderate,5
U2775,4,4,1,Gas,Moderate,15
U2776,7,7,1,Gas,Moderate,26
U2777,7,7,1,Gas,Moderate,11
U2778,6,6,1,Solar,Moderate,11
U2779,4,4,1,Gas,Moderate,2
U2780,3,3,2,Gas,Light,29
U2781,5,5,1,Gas,Heavy,22
U2782,4,4,1,Gas,Moderate,1
U2783,2,2,1,Gas,Light,6
U2784,6,6,2,Gas,Light,1
U2785,2,2,1,Gas,Light,20
U2786,1,1,1,Gas,Moderate,6
U2787,7,7,1,Solar,Light,10
U2788,5,5,1,Gas,Light,10
U2789,4,4,2,Electric,Moderate,13
U2790,2,2,1,Electric,Moderate,2
U2791,5,5,3,Electric,Light,13
U2792,1,1,1,Electric,Moderate,10
U2793,7,7,2,Gas,Moderate,3
U2794,3,3,1,Gas,Heavy,16
U2795,6,6,2,Gas,Moderate,15
U2796,5,5,1,Gas,Light,2
U2797,5,5,1,Electric,Moderate,24
U2798,3,3,2,Gas,Moderate,9
U2799,5,5,1,Electric,Light,20
U2800,1,1,1,Gas,Heavy,14
U2801,1,1,1,Solar,Moderate,7
U2802,3,3,1,Gas,Heavy,17
U2803,6,6,1,Gas,Moderate,2
U2804,4,4,1,Gas,Moderate,6
U2805,2,2,1,Electric,Moderate,29
U2806,4,4,2,Gas,Moderate,9
U2807,5,5,1,Solar,Moderate,19
U2808,2,2,2,Solar,Heavy,8
U2809,3,3,3,Electric,Moderate,13
U2810,3,3,1,Gas,Heavy,22
U2811,6,6,1,Electric,Heavy,13
U2812,2,2,1,Electric,Heavy,10
U2813,1,1,1,Gas,Moderate,27
U2814,2,2,2,Gas,Moderate,0
U2815,5,5,1,Gas,Light,3
U2816,1,1,1,Gas,Moderate,25
U2817,7,7,1,Gas,Light,26
U2818,7,7,1,Solar,Light,5
U2819,7,7,1,Gas,Light,21
U2820,3,3,1,Gas,Heavy,25
U2821,2,2,3,Solar,Heavy,21
U2822,7,7,1,Gas,Moderate,4
U2823,4,4,1,Electric,Moderate,2
U2824,6,6,2,Gas,Moderate,1
U2825,4,4,1,Gas,Moderate,2
U2826,7,7,2,Gas,Moderate,8
U2827,6,6,3,Gas,Moderate,18
U2828,5,5,2,Gas,Moderate,18
U2829,4,4,2,Electric,Moderate,16
U2830,2,2,1,Gas,Moderate,17
U2831,2,2,2,Electric,Moderate,10
U2832,4,4,1,Gas,Heavy,11
U2833,7,7,2,Gas,Light,2
U2834,2,2,2,Electric,Moderate,17
U2835,5,5,3,Gas,Moderate,23
U2836,1,1,2,Electric,Light,5
U2837,7,7,1,Solar,Moderate,6
U2838,5,5,3,Electric,Light,0
U2839,6,6,1,Gas,Moderate,5
U2840,5,5,2,Gas,Moderate,17
U2841,7,7,1,Electric,Moderate,12
U2842,6,6,1,Electric,Moderate,21
U2843,7,7,1,Gas,Light,18
U2844,2,2,1,Gas,Moderate,6
U2845,1,1,2,Gas,Light,18
U2846,7,7,1,Gas,Heavy,8
U2847,7,7,1,Gas,Heavy,2
U2848,2,2,1,Gas,Moderate,22
U2849,3,3,2,Electric,Heavy,11
U2850,2,2,1,Solar,Moderate,19
U2851,6,6,1,Gas,Heavy,23
U2852,2,2,1,Gas,Moderate,29
U2853,2,2,1,Gas,Light,17
U2854,1,1,1,Solar,Heavy,7
U2855,2,2,1,Solar,Light,8
U2856,7,7,1,Solar,Light,12
U2857,1,1,2,Electric,Light,7
U2858,4,4,2,Gas,Moderate,21
U2859,3,3,1,Electric,Moderate,9
U2860,1,1,3,Gas,Moderate,16
U2861,6,6,1,Gas,Heavy,6
U2862,4,4,1,Electric,Light,16
U2863,1,1,1,Gas,Heavy,22
U2864,1,1,1,Gas,Heavy,29
U2865,3,3,1,Gas,Light,17
U2866,7,7,1,Gas,Moderate,23
U2867,6,6,1,Electric,Heavy,1
U2868,5,5,2,Gas,Moderate,2
U2869,5,5,1,Gas,Moderate,28
U2870,1,1,1,Gas,Moderate,27
U2871,2,2,1,Gas,Moderate,18
U2872,6,6,1,Gas,Light,0
U2873,4,4,1,Electric,Moderate,20
U2874,2,2,1,Gas,Light,20
U2875,2,2,2,Electric,Moderate,9
U2876,6,6,1,Solar,Heavy,20
U2877,7,7,1,Electric,Moderate,13
U2878,1,1,1,Gas,Heavy,12
U2879,1,1,1,Gas,Moderate,8
U2880,1,1,1,Electric,Moderate,5
U2881,1,1,1,Gas,Moderate,5
U2882,5,5,1,Electric,Heavy,18
U2883,1,1,1,Electric,Moderate,20
U2884,5,5,1,Solar,Light,9
U2885,5,5,1,Solar,Heavy,22
U2886,7,7,1,Gas,Moderate,2
U2887,1,1,1,Gas,Light,17
U2888,3,3,1,Solar,Moderate,20
U2889,4,4,1,Gas,Heavy,18
U2890,2,2,1,Gas,Moderate,4
U2891,5,5,1,Gas,Moderate,24
U2892,6,6,1,Gas,Heavy,10
U2893,6,6,1,Electric,Moderate,9
U2894,4,4,2,Electric,Moderate,16
U2895,6,6,1,Gas,Light,3
U2896,3,3,2,Solar,Light,25
U2897,6,6,1,Electric,Moderate,20
U2898,2,2,1,Gas,Heavy,17
U2899,2,2,1,Gas,Light,27
U2900,5,5,1,Gas,Moderate,17
U2901,1,1,1,Electric,Light,0
U2902,7,7,1,Gas,Moderate,13
U2903,3,3,1,Gas,Light,7
U2904,5,5,1,Electric,Light,1
U2905,3,3,2,Gas,Light,18
U2906,1,1,2,Gas,Moderate,14
U2907,6,6,1,Gas,Moderate,27
U2908,6,6,1,Gas,Light,1
U2909,7,7,1,Electric,Heavy,3
U2910,1,1,1,Gas,Light,29
U2911,5,5,1,Gas,Moderate,0
U2912,7,7,3,Electric,Heavy,18
U2913,1,1,1,Solar,Moderate,20
U2914,4,4,1,Gas,Moderate,9
U2915,2,2,1,Gas,Light,0
U2916,7,7,2,Gas,Moderate,19
U2917,7,7,1,Electric,Moderate,21
U2918,5,5,1,Gas,Heavy,14
U2919,3,3,3,Gas,Light,3
U2920,4,4,1,Gas,Moderate,6
U2921,5,5,2,Gas,Moderate,29
U2922,1,1,1,Electric,Heavy,6
U2923,1,1,2,Electric,Light,21
U2924,1,1,1,Electric,Heavy,24
U2925,1,1,1,Gas,Moderate,17
U2926,3,3,2,Gas,Moderate,12
U2927,4,4,1,Gas,Light,9
U2928,6,6,1,Gas,Moderate,23
U2929,2,2,1,Gas,Moderate,7
U2930,3,3,1,Gas,Moderate,26
U2931,3,3,1,Gas,Light,9
U2932,6,6,1,Solar,Light,13
U2933,6,6,1,Electric,Heavy,13
U2934,2,2,1,Solar,Heavy,26
U2935,2,2,1,Gas,Moderate,19
U2936,6,6,1,Solar,Light,21
U2937,1,1,2,Gas,Moderate,10
U2938,3,3,2,Gas,Moderate,5
U2939,5,5,2,Electric,Heavy,20
U2940,2,2,1,Gas,Moderate,29
U2941,2,2,1,Gas,Heavy,0
U2942,6,6,1,Gas,Heavy,18
U2943,4,4,1,Gas,Heavy,6
U2944,5,5,1,Gas,Light,23
U2945,5,5,1,Electric,Light,17
U2946,2,2,1,Electric,Moderate,2
U2947,1,1,2,Gas,Moderate,19
U2948,4,4,1,Gas,Light,29
U2949,5,5,1,Gas,Light,10
U2950,2,2,1,Gas,Moderate,4
U2951,5,5,1,Solar,Moderate,18
U2952,7,7,2,Gas,Moderate,20
U2953,4,4,1,Electric,Moderate,23
U2954,4,4,1,Gas,Moderate,23
U2955,7,7,1,Electric,Moderate,29
U2956,3,3,1,Electric,Light,1
U2957,7,7,1,Gas,Moderate,21
U2958,6,6,2,Gas,Moderate,3
U2959,6,6,2,Electric,Light,24
U2960,2,2,2,Gas,Moderate,9
U2961,4,4,1,Gas,Moderate,1
U2962,3,3,2,Electric,Moderate,7
U2963,3,3,1,Gas,Moderate,0
U2964,5,5,1,Electric,Moderate,26
U2965,5,5,1,Gas,Moderate,5
U2966,7,7,1,Gas,Heavy,10
U2967,3,3,1,Electric,Light,26
U2968,7,7,2,Gas,Heavy,29
U2969,7,7,1,Gas,Moderate,27
U2970,5,5,1,Gas,Light,9
U2971,4,4,1,Gas,Light,12
U2972,7,7,2,Gas,Moderate,0
U2973,1,1,3,Gas,Moderate,1
U2974,4,4,2,Gas,Light,2
U2975,3,3,1,Gas,Light,8
U2976,3,3,1,Electric,Moderate,4
U2977,7,7,1,Electric,Light,9
U2978,4,4,1,Gas,Heavy,9
U2979,5,5,1,Electric,Moderate,11
U2980,5,5,1,Electric,Moderate,17
U2981,6,6,1,Gas,Moderate,25
U2982,3,3,3,Gas,Light,20
U2983,2,2,1,Gas,Heavy,20
U2984,6,6,1,Electric,Light,0
U2985,5,5,1,Gas,Moderate,2
U2986,4,4,2,Gas,Moderate,4
U2987,5,5,2,Electric,Light,24
U2988,4,4,2,Gas,Moderate,25
U2989,6,6,2,Gas,Heavy,16
U2990,3,3,1,Gas,Moderate,7
U2991,5,5,1,Gas,Heavy,16
U2992,7,7,1,Electric,Heavy,8
U2993,4,4,1,Electric,Moderate,5
U2994,3,3,1,Gas,Moderate,16
U2995,2,2,1,Gas,Moderate,7
U2996,4,4,2,Electric,Moderate,20
U2997,6,6,3,Gas,Light,6
U2998,2,2,2,Gas,Heavy,6
U2999,2,2,2,Gas,Moderate,14
U3000,1,1,1,Gas,Moderate,6
U3001,5,5,1,Gas,Moderate,21
U3002,4,4,1,Gas,Moderate,26
U3003,2,2,1,Gas,Heavy,7
U3004,1,1,2,Gas,Moderate,8
U3005,6,6,1,Gas,Light,27
U3006,3,3,2,Gas,Light,14
U3007,7,7,1,Gas,Heavy,1
U3008,7,7,1,Gas,Moderate,6
U3009,4,4,1,Gas,Heavy,14
U3010,2,2,1,Gas,Light,17
U3011,7,7,1,Gas,Light,21
U3012,5,5,1,Electric,Light,17
U3013,7,7,2,Electric,Moderate,9
U3014,7,7,1,Gas,Moderate,21
U3015,7,7,1,Gas,Light,17
U3016,1,1,1,Gas,Moderate,0
U3017,2,2,1,Gas,Moderate,6
U3018,5,5,3,Gas,Light,2
U3019,2,2,1,Gas,Moderate,13
U3020,4,4,3,Electric,Moderate,11
U3021,4,4,1,Gas,Light,13
U3022,4,4,3,Gas,Light,28
U3023,6,6,1,Gas,Moderate,3
U3024,7,7,1,Electric,Moderate,12
U3025,6,6,1,Gas,Heavy,15
U3026,1,1,1,Electric,Moderate,15
U3027,4,4,1,Electric,Light,21
U3028,5,5,1,Gas,Heavy,4
U3029,2,2,1,Gas,Heavy,19
U3030,7,7,1,Gas,Moderate,24
U3031,3,3,1,Electric,Heavy,5
U3032,5,5,2,Electric,Moderate,5
U3033,7,7,1,Gas,Moderate,17
U3034,6,6,1,Electric,Moderate,5
U3035,6,6,1,Gas,Moderate,6
U3036,5,5,2,Gas,Light,23
U3037,6,6,1,Solar,Heavy,29
U3038,4,4,1,Electric,Heavy,23
U3039,1,1,3,Gas,Moderate,15
U3040,2,2,2,Electric,Moderate,8
U3041,1,1,1,Solar,Light,25
U3042,7,7,1,Electric,Light,26
U3043,2,2,2,Electric,Light,12
U3044,2,2,1,Electric,Moderate,11
U3045,1,1,1,Gas,Heavy,18
U3046,5,5,1,Electric,Light,25
U3047,2,2,2,Gas,Light,22
U3048,1,1,1,Electric,Moderate,22
U3049,2,2,2,Gas,Light,0
U3050,3,3,1,Electric,Heavy,7
U3051,5,5,1,Gas,Moderate,3
U3052,4,4,1,Gas,Light,20
U3053,2,2,1,Gas,Light,29
U3054,3,3,3,Solar,Light,21
U3055,4,4,2,Solar,Moderate,18
U3056,4,4,1,Gas,Light,20
U3057,7,7,1,Solar,Moderate,25
U3058,2,2,1,Electric,Moderate,4
U3059,1,1,1,Gas,Light,16
U3060,2,2,1,Gas,Light,2
U3061,3,3,1,Solar,Moderate,18
U3062,4,4,1,Gas,Moderate,0
U3063,2,2,2,Electric,Heavy,28
U3064,1,1,3,Electric,Light,22
U3065,7,7,1,Electric,Light,0
U3066,2,2,2,Electric,Light,22
U3067,5,5,1,Gas,Moderate,19
U3068,7,7,1,Gas,Moderate,8
U3069,1,1,1,Gas,Heavy,22
U3070,3,3,1,Gas,Moderate,4
U3071,4,4,1,Gas,Light,6
U3072,2,2,1,Electric,Moderate,24
U3073,1,1,2,Electric,Heavy,25
U3074,7,7,2,Gas,Moderate,5
U3075,5,5,1,Gas,Moderate,16
U3076,1,1,2,Gas,Heavy,21
U3077,6,6,1,Gas,Moderate,16
U3078,5,5,1,Gas,Moderate,12
U3079,7,7,1,Electric,Light,11
U3080,3,3,1,Gas,Moderate,3
U3081,4,4,1,Electric,Light,29
U3082,7,7,1,Gas,Moderate,7
U3083,3,3,1,Electric,Light,4
U3084,2,2,2,Electric,Heavy,4
U3085,1,1,1,Solar,Heavy,12
U3086,6,6,1,Electric,Moderate,25
U3087,5,5,1,Solar,Light,10
U3088,5,5,1,Electric,Light,7
U3089,1,1,1,Electric,Moderate,7
U3090,6,6,2,Gas,Moderate,0
U3091,1,1,1,Gas,Moderate,12
U3092,2,2,1,Gas,Moderate,28
U3093,3,3,1,Gas,Moderate,4
U3094,7,7,1,Gas,Moderate,27
U3095,5,5,1,Electric,Moderate,20
U3096,2,2,1,Solar,Moderate,7
U3097,3,3,2,Gas,Moderate,16
U3098,2,2,1,Gas,Light,22
U3099,6,6,1,Solar,Light,22
U3100,5,5,1,Gas,Moderate,12
U3101,7,7,1,Electric,Light,8
U3102,1,1,1,Gas,Moderate,1
U3103,1,1,2,Electric,Moderate,18
U3104,3,3,1,Gas,Heavy,19
U3105,7,7,1,Electric,Moderate,16
U3106,4,4,1,Gas,Light,6
U3107,6,6,1,Gas,Light,29
U3108,3,3,1,Gas,Heavy,25
U3109,4,4,1,Gas,Light,2
U3110,2,2,1,Solar,Moderate,18
U3111,6,6,1,Electric,Moderate,18
U3112,2,2,2,Gas,Moderate,23
U3113,7,7,1,Gas,Moderate,8
U3114,5,5,1,Gas,Moderate,9
U3115,6,6,1,Electric,Heavy,28
U3116,4,4,1,Electric,Light,13
U3117,5,5,1,Gas,Heavy,17
U3118,1,1,1,Electric,Moderate,25
U3119,4,4,1,Electric,Heavy,14
U3120,3,3,1,Solar,Light,25
U3121,1,1,1,Solar,Light,0
U3122,1,1,1,Electric,Heavy,29
U3123,3,3,2,Electric,Heavy,24
U3124,6,6,1,Gas,Moderate,5
U3125,1,1,1,Electric,Moderate,29
U3126,7,7,1,Gas,Heavy,14
U3127,4,4,1,Gas,Light,24
U3128,5,5,1,Gas,Moderate,5
U3129,1,1,1,Electric,Heavy,17
U3130,4,4,2,Gas,Moderate,0
U3131,2,2,1,Gas,Moderate,29
U3132,4,4,1,Gas,Moderate,23
U3133,5,5,1,Gas,Moderate,2
U3134,4,4,1,Gas,Light,16
U3135,3,3,1,Electric,Heavy,15
U3136,5,5,2,Electric,Moderate,7
U3137,6,6,1,Gas,Heavy,27
U3138,2,2,2,Electric,Heavy,16
U3139,3,3,2,Electric,Light,7
U3140,6,6,2,Gas,Light,16
U3141,4,4,1,Electric,Moderate,24
U3142,5,5,1,Solar,Moderate,29
U3143,2,2,1,Gas,Moderate,8
U3144,3,3,1,Gas,Moderate,11
U3145,6,6,1,Solar,Moderate,28
U3146,6,6,2,Gas,Light,24
U3147,2,2,1,Gas,Moderate,18
U3148,7,7,1,Gas,Moderate,3
U3149,4,4,1,Gas,Moderate,20
U3150,2,2,1,Electric,Light,21
U3151,6,6,1,Gas,Moderate,24
U3152,1,1,2,Gas,Light,28
U3153,3,3,1,Electric,Moderate,10
U3154,2,2,2,Gas,Moderate,27
U3155,7,7,2,Gas,Light,3
U3156,6,6,2,Gas,Moderate,13
U3157,4,4,1,Electric,Moderate,13
U3158,6,6,2,Gas,Light,5
U3159,4,4,1,Gas,Light,28
U3160,2,2,1,Gas,Heavy,16
U3161,4,4,1,Gas,Moderate,1
U3162,5,5,1,Gas,Heavy,7
U3163,5,5,1,Gas,Moderate,3
U3164,5,5,1,Electric,Moderate,9
U3165,7,7,1,Gas,Moderate,6
U3166,7,7,2,Electric,Moderate,3
U3167,1,1,1,Gas,Light,15
U3168,7,7,1,Solar,Moderate,13
U3169,2,2,1,Gas,Moderate,15
U3170,6,6,1,Electric,Light,24
U3171,6,6,2,Gas,Light,8
U3172,1,1,1,Gas,Light,3
U3173,7,7,1,Gas,Moderate,28
U3174,4,4,1,Solar,Moderate,23
U3175,1,1,2,Gas,Heavy,5
U3176,4,4,1,Gas,Light,0
U3177,4,4,2,Electric,Light,6
U3178,3,3,1,Gas,Moderate,0
U3179,6,6,1,Electric,Heavy,18
U3180,5,5,1,Electric,Light,7
U3181,7,7,2,Electric,Moderate,24
U3182,4,4,1,Gas,Moderate,2
U3183,3,3,1,Gas,Light,0
U3184,6,6,1,Gas,Moderate,0
U3185,5,5,1,Electric,Light,6
U3186,4,4,1,Gas,Heavy,20
U3187,4,4,3,Gas,Moderate,12
U3188,1,1,1,Solar,Moderate,29
U3189,1,1,1,Gas,Moderate,0
U3190,6,6,2,Electric,Moderate,15
U3191,5,5,1,Solar,Moderate,21
U3192,4,4,1,Electric,Light,29
U3193,6,6,1,Electric,Moderate,21
U3194,6,6,1,Gas,Light,13
U3195,2,2,1,Gas,Moderate,3
U3196,7,7,1,Electric,Light,22
U3197,1,1,1,Gas,Moderate,22
U3198,5,5,1,Gas,Light,11
U3199,4,4,2,Electric,Heavy,24
U3200,6,6,2,Gas,Moderate,11
U3201,4,4,2,Solar,Moderate,16
U3202,2,2,2,Electric,Heavy,20
U3203,5,5,1,Electric,Moderate,14
U3204,6,6,2,Electric,Heavy,9
U3205,4,4,1,Electric,Light,2
U3206,1,1,1,Electric,Moderate,22
U3207,7,7,1,Gas,Moderate,19
U3208,2,2,1,Gas,Heavy,19
U3209,5,5,2,Electric,Light,28
U3210,2,2,2,Electric,Heavy,11
U3211,1,1,1,Gas,Moderate,0
U3212,5,5,2,Gas,Heavy,0
U3213,2,2,1,Gas,Moderate,9
U3214,3,3,1,Gas,Light,17
U3215,1,1,1,Solar,Heavy,14
U3216,1,1,1,Solar,Heavy,1
U3217,1,1,2,Gas,Moderate,16
U3218,3,3,2,Electric,Light,7
U3219,3,3,2,Gas,Light,21
U3220,4,4,1,Electric,Moderate,21
U3221,6,6,2,Gas,Light,25
U3222,7,7,1,Electric,Moderate,25
U3223,2,2,2,Gas,Moderate,8
U3224,4,4,1,Gas,Moderate,20
U3225,2,2,1,Gas,Light,19
U3226,7,7,1,Gas,Moderate,10
U3227,6,6,1,Gas,Moderate,5
U3228,3,3,1,Gas,Moderate,23
U3229,6,6,1,Gas,Moderate,13
U3230,3,3,1,Electric,Moderate,0
U3231,7,7,1,Electric,Moderate,6
U3232,6,6,1,Electric,Heavy,23
U3233,4,4,1,Solar,Moderate,8
U3234,5,5,1,Gas,Heavy,10
U3235,4,4,1,Gas,Moderate,23
U3236,2,2,1,Gas,Moderate,22
U3237,4,4,2,Electric,Light,15
U3238,7,7,2,Solar,Moderate,18
U3239,1,1,1,Gas,Moderate,1
U3240,2,2,2,Gas,Light,14
U3241,6,6,2,Gas,Moderate,2
U3242,2,2,3,Electric,Light,3
U3243,5,5,1,Gas,Moderate,19
U3244,3,3,1,Gas,Moderate,21
U3245,6,6,1,Gas,Moderate,27
U3246,2,2,1,Electric,Heavy,6
U3247,6,6,1,Electric,Moderate,11
U3248,6,6,1,Gas,Moderate,3
U3249,6,6,2,Electric,Moderate,9
U3250,3,3,3,Gas,Heavy,5
U3251,7,7,1,Electric,Moderate,24
U3252,4,4,1,Electric,Moderate,29
U3253,6,6,1,Gas,Light,21
U3254,1,1,2,Gas,Moderate,13
U3255,7,7,1,Electric,Light,2
U3256,5,5,1,Gas,Moderate,16
U3257,3,3,1,Electric,Heavy,10
U3258,2,2,1,Electric,Moderate,9
U3259,3,3,1,Electric,Moderate,25
U3260,2,2,1,Gas,Moderate,28
U3261,3,3,2,Gas,Moderate,20
U3262,2,2,3,Electric,Moderate,9
U3263,6,6,2,Gas,Moderate,9
U3264,4,4,2,Electric,Light,2
U3265,2,2,1,Electric,Light,23
U3266,2,2,1,Gas,Moderate,25
U3267,1,1,2,Electric,Moderate,14
U3268,2,2,2,Gas,Light,16
U3269,1,1,1,Gas,Moderate,26
U3270,5,5,1,Solar,Light,17
U3271,6,6,1,Solar,Light,18
U3272,1,1,1,Gas,Moderate,18
U3273,4,4,1,Solar,Moderate,11
U3274,7,7,1,Gas,Moderate,23
U3275,6,6,1,Gas,Moderate,4
U3276,1,1,1,Gas,Heavy,23
U3277,6,6,2,Solar,Moderate,26
U3278,6,6,1,Gas,Light,15
U3279,6,6,1,Gas,Moderate,29
U3280,5,5,1,Gas,Light,14
U3281,4,4,2,Electric,Heavy,14
U3282,3,3,1,Gas,Light,26
U3283,3,3,3,Gas,Moderate,5
U3284,1,1,1,Gas,Light,11
U3285,6,6,3,Gas,Heavy,1
U3286,1,1,2,Electric,Moderate,26
U3287,5,5,1,Gas,Heavy,19
U3288,5,5,1,Electric,Light,8
U3289,2,2,1,Gas,Light,3
U3290,5,5,1,Electric,Light,4
U3291,2,2,1,Gas,Heavy,20
U3292,4,4,1,Gas,Heavy,25
U3293,1,1,1,Gas,Light,7
U3294,7,7,1,Electric,Light,21
U3295,4,4,1,Electric,Moderate,9
U3296,5,5,1,Gas,Light,6
U3297,4,4,1,Electric,Light,21
U3298,4,4,1,Gas,Light,13
U3299,4,4,1,Gas,Light,29
U3300,5,5,1,Gas,Light,29
